Название;Бренд;Категория;Цена_итог;Фасовка_прайс;Описание;Состав_ДВ;Норма_расхода;Культуры_и_фазы;Фасовка_каталог;Физпоказатели;Источник;Сверить;Есть_техданные
FERTIKA Листовое Старт 13-40-13;Фертика;Удобрения;от 227 ₽;25 кг;Водорастворимое фосфорное NPK-удобрение для стартовых стадий роста и развития корней.;"N 12,9 · P2O5 40 · K2O 13,4 · MgO 0,1 · S 0,02 · B 0,015 · Cu 0,03 · Fe 0,08 · Mn 0,08 · Mo 0,003 · Zn 0,03 (%); микро — хелат ЭДТА";Некорневая подкормка 2–4 кг/га. Фертигация: теплицы 0,05–0,2% (0,5–2 кг/1000 л), открытый грунт 0,1–0,2% (1–2 кг/1000 л);Зерновые (начало кущения), кукуруза (3–5 листьев), подсолнечник (3–4 листа), рапс (3–4 листа), картофель 2–5 кг/га (клубнеобразование);25 кг;100% растворимость · ЕС 0,1% р-ра 1,0 мСм/см · рН 1% р-ра 5;Каталог АО «Фертика»;нормы;да
FERTIKA Листовое 18-18-18;Фертика;Удобрения;от 202 ₽;25 кг;Универсальное водорастворимое NPK-удобрение для сбалансированного питания в течение вегетации.;"N 18 · P2O5 18 · K2O 18 · MgO 1,4 · S 1,8 · B 0,03 · Cu 0,01 · Fe 0,15 · Mn 0,14 · Mo 0,003 · Zn 0,01 (%); микро — хелат ЭДТА";Некорневая подкормка 2–5 кг/га. Фертигация: теплицы 0,05–0,2%, открытый грунт 0,1–0,2%;Зерновые 2–4 (кущение, выход в трубку), кукуруза 2–3 (5–6 листьев), подсолнечник 2–4 (8–10 листьев), рапс 2–5 (6–8 листьев), картофель 2–4 (формирование клубней), бобовые 2–4 (перед цветением);25 кг;100% растворимость · ЕС 0,1% р-ра 0,9 мСм/см · рН 1% р-ра 5;Каталог АО «Фертика»;нормы;да
FERTIKA Листовое 10-5-40;Фертика;Удобрения;от 222 ₽;25 кг;Высококалийное водорастворимое удобрение для формирования и качества урожая.;N 10,1 · P2O5 5 · K2O 40 · MgO 0,5 · S 4,4 · B 0,03 · Cu 0,01 · Fe 0,15 · Mn 0,14 · Mo 0,003 · Zn 0,01 (%);Некорневая подкормка 2–5 кг/га. Фертигация: теплицы 0,05–0,2%, открытый грунт 0,1–0,2%;Масличные (бутонизация), зерновые (флаговый лист — колошение), картофель (рост клубней), виноград 2–5 (начало созревания ягод), овощи 3–5 (созревание);25 кг;100% растворимость · ЕС 0,1% р-ра 1,1 мСм/см · рН 1% р-ра 6;Каталог АО «Фертика»;нормы;да
FERTIKA Листовое 4-13-36;Фертика;Удобрения;от 232 ₽;25 кг;Водорастворимое удобрение для цветения, плодоношения и налива урожая.;N 4 · P2O5 13 · K2O 36 · MgO 1,6 · S 7,7 · B 0,02 · Cu 0,01 · Fe 0,1 · Mn 0,1 · Mo 0,002 · Zn 0,01 (%);Некорневая подкормка 2–5 кг/га. Фертигация: теплицы 0,05–0,2%, открытый грунт 0,1–0,2%;Масличные (бутонизация), зерновые (флаговый лист — колошение), сахарная свёкла (до смыкания рядков), картофель (рост клубней), бобовые (формирование бобов), овощи 3–5 (созревание);25 кг;100% растворимость · ЕС 0,1% р-ра 1,1 мСм/см · рН 1% р-ра 6;Каталог АО «Фертика»;нормы;да
FERTIKA Плюс 6,4-11-31;Фертика;Удобрения;от 225 ₽;25 кг;Бесхлорное водорастворимое NPK-удобрение с магнием, серой и микроэлементами.;N 6,4 · P2O5 11 · K2O 31 · MgO 2,6 · S 4,4 · B 0,02 · Cu 0,01 · Fe 0,1 · Mn 0,1 · Mo 0,002 · Zn 0,01 (%);Фертигация и гидропоника: теплицы 0,05–0,2%, открытый грунт 0,1–0,2%;Огурец, томат, цветы, ягоды — защищённый и открытый грунт, все типы полива;25 кг;100% растворимость · ЕС 0,1% р-ра 1,0 мСм/см · рН 1% р-ра 6;Каталог АО «Фертика»;;да
FERTIKA Листовое 19-6-20;Фертика;Удобрения;от 196 ₽;25 кг;Азотсодержащее водорастворимое удобрение для активного роста растений.;N 19 · P2O5 6 · K2O 20 · MgO 3 · S 7 · B 0,03 · Cu 0,01 · Fe 0,1 · Mn 0,1 · Mo 0,003 · Zn 0,01 (%);Некорневая подкормка 2–3 кг/га. Фертигация: теплицы 0,05–0,2%, открытый грунт 0,1–0,2%;"Цветочно-декоративные, ягодные, овощные, зелень; полевые — зерновые и рапс 2–3 (начало созревания)";25 кг;100% растворимость · ЕС 0,1% р-ра 0,9 мСм/см · рН 1% р-ра 5;Каталог АО «Фертика»;нормы;да
FERTIKA Плюс 12-11-26;Фертика;Удобрения;от 207 ₽;25 кг;Комплексное водорастворимое NPK-удобрение с повышенным содержанием калия.;N 12,3 · P2O5 11 · K2O 26 · MgO 2,5 · S 3,3 · B 0,02 · Cu 0,01 · Fe 0,1 · Mn 0,1 · Mo 0,002 · Zn 0,01 (%);Некорневая подкормка 2–3 кг/га. Фертигация: теплицы 0,05–0,2%, открытый грунт 0,1–0,2%;"Цветы, овощи, ягоды, зелень; зерновые и подсолнечник 2–3 (начало созревания)";25 кг;100% растворимость · ЕС 0,1% р-ра 1,0 мСм/см · рН 1% р-ра 5;Каталог АО «Фертика»;нормы;да
FERTIKA Плюс 16-20-27;Фертика;Удобрения;от 203 ₽;25 кг;Концентрированное водорастворимое NPK-удобрение для интенсивного питания.;N 16 · P2O5 20 · K2O 27 · B 0,02 · Cu 0,01 · Fe 0,1 · Mn 0,1 · Zn 0,01 (%);"Фертигация: теплицы 0,05–0,2%, открытый грунт 0,1–0,2%; корневые и некорневые подкормки";Цветы, ягоды, зелень — все субстраты, почвы и грунты, все типы полива;25 кг;100% растворимость;Каталог АО «Фертика»;;да
FERTIKA Универсал-2 NPK 12-8-14;Фертика;Удобрения;от 112 ₽;;Гранулированное бесхлорное удобрение для овощных и плодово-ягодных культур.;N 12 · P2O5 8 · K2O 14 · Ca 0,6 · MgO 2 · SO3 8 · B 0,09 · Cu 0,08 · Fe 0,16 · Mn 0,16 · Mo 0,08 · Zn 0,09 (%);"Картофель 600–800 кг/га; овощные 600–1000 кг/га; ягодные 200–400 кг/га; декоративные 600–800 кг/га";Картофель, овощные, ягодные, декоративные культуры;800 кг, 40 кг;Гранулы, не пылят;Каталог АО «Фертика»;;да
FERTIKA Газонное Весна-Лето NPK 11-12-26;Фертика;Удобрения;от 96 ₽;;Гранулированное удобрение для густого газона и ярко-зелёной окраски травы.;N 11 · P2O5 12 · K2O 26 · Ca 0,55 · MgO 0,4 · SO3 0,7 · B 0,09 · Cu 0,08 · Fe 0,16 · Mn 0,16 · Mo 0,008 · Zn 0,09 (%);"Закладка газона 10 кг/100 м²; весенняя подкормка 4–5 кг/100 м²; в вегетацию 5–7 кг/100 м²";Газон;800 кг, 40 кг;Гранулированное;Каталог АО «Фертика»;;да
FERTIKA Осеннее NPK 5-21-31;Фертика;Удобрения;от 106 ₽;;Осеннее фосфорно-калийное удобрение для подготовки растений к стрессам.;N 5 · P2O5 21 · K2O 31 · Ca 0,55 · MgO 0,5 · S 0,7 · B 0,09 · Cu 0,08 · Fe 0,16 · Mn 0,16 · Mo 0,008 · Zn 0,09 (%);"Сахарная свёкла 300–600 кг/га; подсолнечник 200–300; озимая пшеница 200–400; кукуруза на зерно 400–600 кг/га";Полевые культуры — основное внесение осенью;800 кг, 40 кг;Гранулы прочные, одного размера;Каталог АО «Фертика»;;да
FERTIKA Хвойное для вечнозелёных Весна-Лето NPK 10-7-14;Фертика;Удобрения;Цена по запросу;;Пролонгированное удобрение для хвойных и кислолюбивых растений.;N 9,9 · P2O5 7 · K2O 14 · MgO 6,9 · SO3 40,8 · B 0,05 · Cu 0,03 · Mn 0,1 · Zn 0,06 (%);"При посадке и подкормке 30–40 г на растение; поверхностно 60 г/м², 1–2 раза за вегетацию";Хвойные, рододендроны, азалии, гортензии, голубика, садовая черника;800 кг, 40 кг;Пролонгированное действие, понижает рН почвы, без хлора;Каталог АО «Фертика»;;да
FERTIKA Картофельное-5 NPK 11-9-16;Фертика;Удобрения;от 110 ₽;;Специализированное удобрение для клубнеобразования и повышения качества картофеля.;N 11 · P2O5 9 · K2O 16 · Ca 0,55 · MgO 1 · SO3 4 · B 0,09 · Cu 0,08 · Mn 0,16 (%);Картофель 600–800 кг/га;Картофель;800 кг, 40 кг;Без хлора;Каталог АО «Фертика»;;да
FERTIKA Эко Калий;Фертика;Удобрения;от 48 ₽ (МКР) · 54 ₽ (25 кг);МКР / 25 кг;Бесхлорное калийное удобрение растительного происхождения с серой и магнием.;K2O 37 · P2O5 4,1 · SO3 10 · MgO 7,1 · CaO 7,1 · Fe 0,1 · Mn 0,01 · Zn 0,02 · Cu 0,02 (%);"Яровые зерновые, кукуруза, рапс, подсолнечник, озимая пшеница 200–400 кг/га; картофель и корнеплоды 300–350; томат, огурец, плодово-ягодные 200–250 кг/га";Зерновые, кукуруза, рапс, подсолнечник, картофель, корнеплоды, плодово-ягодные;800 кг, 25 кг;Бесхлорное, растительного происхождения (лузга подсолнечника);Каталог АО «Фертика»;;да
FERTIKA Сульфат калия;Фертика;Удобрения;от 103 ₽ (МКР 1000 кг) · 108 ₽ (мешки 35 кг);МКР 1000 кг / мешки 35 кг;Концентрированное бесхлорное калийное удобрение с серой.;K2O 50 · S 17 (%);"Томаты, огурцы, цветочные 15–20 г/м²; картофель, капуста, свёкла, морковь 25–30 г/м²; редис, лук, салат 5–10 г/м²; защищённый грунт 30–40 г/м²; плодовые деревья 150–200 г/растение";Плодовые, ягодные, овощные, чувствительные к хлору культуры;1000 кг, 35 кг;Бесхлорное;Каталог АО «Фертика»;;да
Микромак;Волски Биохим;Обработка семян;от 645.7 ₽;см. прайс;Комплексное микроудобрение для обработки семян, повышения всхожести и развития корней.;17 элементов питания: 5 макро- и 12 микроэлементов в хелатной форме (в т.ч. ванадий — катализатор азотфиксации). 23 индивидуальных состава под конкретные культуры;"Семена 2 л/т (1 л состава А + 1 л состава Б), рабочий раствор 10 л/т; клубни 0,5 л/т, рабочий раствор 30 л/т";Обработка семян всех基 полевых культур;канистра 10 л;Плотность 1,3 г/см³;Буклет ООО «Волски Биохим»;;да
Экомак;Волски Биохим;Обработка семян;от 724.5 ₽;см. прайс;Стартовое микроудобрение для обработки семян и повышения устойчивости всходов.;"N 2,4 · P2O5 0,61 · K2O 1,77 · MgO 0,97 · SO3 4,9 · Fe 0,35 · Mn 0,58 · B 0,35 · Zn 0,98 · Cu 0,97 · Mo 0,09 · Co 0,18 (% мас.); микро — хелат ОЭДФ. 12 элементов + полимерные прилипатели";"Семена 0,5 л/т (рабочий раствор 10 л/т); клубни 0,2 л/т (рабочий раствор 30 л/т)";Предпосевная обработка семян и клубней;канистра 10 л;Плотность 1,2 г/см³;Буклет ООО «Волски Биохим»;;да
Микроэл Универсальный;Волски Биохим;Листовые подкормки;от 651 ₽;см. прайс;Комплексное микроудобрение для листовых подкормок и коррекции дефицитов.;"Mn 3,4 · Mo 2,2 · MgO 15 · Zn 14 · Cu 6 · Fe 3,0 · Co 0,8 · B 1,6 · SO3 68 · N 4 · K2O 0,3 г/л; + Cr, Ni, Li, Se. 15 элементов, микро — хелат ЭДТА";0,2–0,5 л/га, 2 обработки (при однократной — до 0,4 л/га). Рабочий раствор 30–300 л/га;Кукуруза 0,2 (5–9 лист, трубкование), подсолнечник 0,2, сах. свёкла 0,4, зернобобовые 0,2, озимые и яровые зерновые 0,2 (кущение, колошение), картофель 0,4, плодово-ягодные 0,5–1,0;канистра 10 л;Плотность 1,3 г/см³;Буклет ООО «Волски Биохим»;;да
Микроэл Пивоваренный ячмень;Волски Биохим;Листовые подкормки;от 651 ₽;;Специализированное микроудобрение для питания пивоваренного ячменя.;Состав линейки «Микроэл», вариант для пивоваренного ячменя: ограничивает азотфиксацию, препятствует избыточному накоплению белка, стимулирует фотосинтез и накопление углеводов;0,2–0,4 л/га, 2 обработки. Рабочий раствор 30–300 л/га;Пивоваренный ячмень;канистра 10 л;Плотность 1,3 г/см³;Буклет ООО «Волски Биохим»;;да
Страда N;Волски Биохим;Листовые подкормки;от 409.5 ₽;см. прайс;Жидкое азотное удобрение с микроэлементами для роста вегетативной массы.;"N 374 · P2O5 28 · K2O 42 · MgO 2,1 · SO3 17,5 · Fe 0,42 · Mn 0,7 · B 0,22 · Zn 1,8 · Cu 0,83 · Mo 0,7 · Co 0,014 · Se 0,014 г/л; + органические кислоты, витамины, кремний";3–5 л/га (стандарт 3 л/га). Рабочий раствор 100–300 л/га;Кукуруза (5–9 лист, трубкование), подсолнечник (4–5 пар листьев), сах. свёкла, зернобобовые, озимые и яровые зерновые (кущение, колошение), картофель;канистра 10 л, флакон 0,9 л;Суспензия, 374 г/л азота;Буклет ООО «Волски Биохим»;;да
Страда P;Волски Биохим;Листовые подкормки;от 577.5 ₽;см. прайс;Жидкое фосфорное удобрение для развития корней, цветения и плодоношения.;N 65 · P2O5 258 · K2O 65 · MgO 2,3 · SO3 10,3 · Fe 0,9 · Mn 0,65 · B 0,26 · Zn 2,1 · Cu 0,9 · Mo 0,65 · Co 0,13 · Se 0,026 г/л;"3–5 л/га (стандарт 3 л/га); картофель 5 л/га при обработке клубней. Рабочий раствор 100–300 л/га";Кукуруза (5–7 лист), подсолнечник, сах. свёкла, зернобобовые, зерновые (кущение — колошение), картофель;канистра 10 л, флакон 0,9 л;Стимулирует развитие корневой системы;Буклет ООО «Волски Биохим»;;да
Страда K;Волски Биохим;Листовые подкормки;от 332.5 ₽;см. прайс;Жидкое калийное удобрение для качества и лёжкости урожая.;K2O 152 · N 51 · P2O5 63 · SO3 44,2 · Fe 0,25 · Mn 2,4 · B 0,11 · Zn 0,063 · Cu 0,063 · Mo 0,013 · Co 0,013 · Se 0,013 г/л. 12 элементов питания;3–5 л/га (стандарт 3 л/га). Рабочий раствор 100–300 л/га;Кукуруза (трубкование), подсолнечник (формирование корзинки), сах. свёкла, зернобобовые (бутонизация), рис, картофель (после цветения);канистра 10 л, флакон 0,9 л;Плотность 1,3 г/см³;Буклет ООО «Волски Биохим»;;да
Волски Моно-Сера;Волски Биохим;Листовые подкормки;от 490 ₽;;Высококонцентрированное серное удобрение для серолюбивых культур.;Сера 72% · N 27 г/л (2,7%) · Mg 31 г/л (3,1%);0,5–1,0 л/га (до 1 л/га при низком содержании серы). Рабочий раствор 100–300 л/га;"Рапс, сурепица, рыжик (3–7 лист — розетка); горох, соя, нут (3–4 лист — стеблевание); зерновые (колошение — флаговый лист)";канистра 10 л;Плотность 1,4 г/см³;Буклет ООО «Волски Биохим»;;да
Волски Моно-Бор;Волски Биохим;Листовые подкормки;от 760 ₽;;Борное микроудобрение для цветения, опыления и формирования завязей.;Бор 131 г/л (13,1%) · N 60 г/л (6%) · органический проникатель;0,5 л/га, 1–2 обработки (до 1 л/га при низком содержании бора). Рабочий раствор 100–300 л/га;Подсолнечник (формирование корзинки), сах. свёкла (перед смыканием рядков), картофель (смыкание рядков), горох/соя/рапс/горчица (бутонизация, перед цветением);канистра 10 л;Плотность 1,3 г/см³;Буклет ООО «Волски Биохим»;;да
Волски Моно-Цинк;Волски Биохим;Листовые подкормки;от 728 ₽;;Цинковое микроудобрение для роста, фотосинтеза и стрессоустойчивости.;Цинк 75 г/л (7,5%) · N 41 г/л (4,1%) · влагоудерживающий компонент;0,5 л/га, 1 обработка (до 1 л/га при низком содержании цинка). Рабочий раствор 100–300 л/га;"Кукуруза (5–9 лист); другие культуры — рост листьев и стеблей";канистра 10 л;Плотность 1,2 г/см³;Буклет ООО «Волски Биохим»;;да
Волски Моно-Железо;Волски Биохим;Листовые подкормки;от 430 ₽;;Хелатное железосодержащее микроудобрение для профилактики хлороза.;Железо 100 г/л (10%) · N 41 г/л (4,1%) · органический мембранный проникатель;Овощные и плодово-ягодные 0,5–1,0 л/га (1–3 обработки), зерновые 0,5 л/га (1 обработка). Рабочий раствор 100–300 л/га;Овощные, зерновые, плодово-ягодные — при хлорозе и недостатке железа;канистра 10 л;Плотность 1,3 г/см³;Буклет ООО «Волски Биохим»;;да
Волски Моно-Медь;Волски Биохим;Листовые подкормки;от 465 ₽;;Хелатное медное микроудобрение для обменных процессов и устойчивости.;Медь 82 г/л (8,2%) · N 41 г/л (4,1%) · органический мембранный проникатель;0,5–1,0 л/га. Рабочий раствор 100–300 л/га;Культуры при недостатке меди;канистра 10 л;Плотность 1,2 г/см³;Буклет ООО «Волски Биохим»;нормы;да
Диформа Бор-Молибден;Волски Биохим;Листовые подкормки;от 1290 ₽;см. прайс;Микроудобрение с бором и молибденом для цветения и азотного обмена.;Бор 100 г/л (10%) · Молибден 40 г/л (4%) · N 70 г/л (7%) · мембранный проникатель. Самое высокое содержание молибдена в линейке;"Семена 0,5–1,0 л/т; листовая подкормка 0,5–1,5 л/га";"Зернобобовые — горох, соя, нут, чечевица; семенники многолетних трав, лён";канистра 10 л;Плотность 1,4 г/см³;Буклет ООО «Волски Биохим»;;да
Диформа Кальций-Азот;Волски Биохим;Листовые подкормки;от 650 ₽;см. прайс;Удобрение с кальцием и азотом для прочности тканей и качества плодов.;Кальций 100 г/л (10%) · Азот 50 г/л (5%);0,5–2,0 л/га, листовая подкормка;Плодово-ягодные, овощи, картофель;канистра 10 л;Плотность 1,2 г/см³;Буклет ООО «Волски Биохим»;;да
Диформа Магний-Цинк;Волски Биохим;Листовые подкормки;от 653 ₽;см. прайс;Микроудобрение с магнием и цинком для фотосинтеза и стрессоустойчивости.;"Магний 75 г/л (7,5%) · Цинк 30 г/л (3%) · Азот 52 г/л (5,2%) · Сера 37 г/л (3,7%) · Фосфор 14 г/л (1,4%); хелат ОЭДФ. Самое высокое содержание магния";0,5–2,0 л/га, листовая подкормка;Кукуруза, сахарная свёкла, картофель, овощи, плодово-ягодные;канистра 10 л;Плотность 1,2 г/см³;Буклет ООО «Волски Биохим»;;да
Диформа Магний-Марганец;Волски Биохим;Листовые подкормки;от 520 ₽;см. прайс;Микроудобрение с магнием и марганцем для фотосинтеза и ферментативных процессов.;Магний 50 г/л (5%) · Марганец 10 г/л (1%) · Азот 10 г/л (1%) · Сера 110 г/л (11%) · Фосфор 36 г/л (3,6%);0,5–2,0 л/га, листовая подкормка;Плодово-ягодные, сахарная свёкла, кукуруза;канистра 10 л;Плотность 1,2 г/см³;Буклет ООО «Волски Биохим»;;да
Диформа Марганец-Цинк;Волски Биохим;Листовые подкормки;от 605 ₽;см. прайс;Микроудобрение с марганцем и цинком для роста и фотосинтеза.;"Марганец 56 г/л (5,6%) · Цинк 28 г/л (2,8%) · Азот 10 г/л (1%) · Сера 120 г/л (12%) · Фосфор 6 г/л (0,6%); хелат ОЭДФ";0,5–2,0 л/га, листовая подкормка;Плодово-ягодные, овощи, картофель, кукуруза, сахарная свёкла;канистра 10 л;Плотность 1,2 г/см³;Буклет ООО «Волски Биохим»;;да
Диформа Марганец-Бор;Волски Биохим;Листовые подкормки;от 1290 ₽;см. прайс;Микроудобрение с марганцем и бором для цветения и формирования урожая.;Марганец 50 г/л (5%) · Бор 25 г/л (2,5%) · Азот 25 г/л (2,5%);0,5–2,0 л/га, листовая подкормка;Плодово-ягодные, овощи, картофель, сахарная свёкла, подсолнечник;канистра 10 л;Плотность 1,2 г/см³;Буклет ООО «Волски Биохим»;;да
Диформа Кремний-Калий;Волски Биохим;Листовые подкормки;от 695 ₽;см. прайс;Удобрение с кремнием и калием для прочности тканей и стрессоустойчивости.;Кремний 340 г/л (34%) · Калий 160 г/л (16%) · Азот 2,3 г/л (0,23%), амидная форма;"Семена 0,2–0,5 л/т; листовая подкормка 0,2–1,0 л/га";Зерновые, плодово-ягодные, овощи;канистра 10 л;Плотность 1,3 г/см³;Буклет ООО «Волски Биохим»;;да
Диформа Кобальт-Селен;Волски Биохим;Листовые подкормки;от 1020 ₽;см. прайс;Микроудобрение с кобальтом и селеном для азотфиксации и антистрессовой защиты.;Кобальт 50 г/л (5%) · Селен 1 г/л (0,1%) · Азот 10 г/л (1%) · Сера 70 г/л (7%) · Фосфор 13 г/л (1,3%);0,5–1,0 л/га, листовая подкормка;Многолетние травы (клевер, люцерна, козлятник и смеси со злаковыми), кормовые культуры;канистра 10 л;Плотность 1,1 г/см³;Буклет ООО «Волски Биохим»;;да
Реликт Р Старт (протравитель);Реликт;Обработка семян;от 735 ₽;см. прайс;Гуминовый препарат с микроэлементами и Bacillus для предпосевной обработки семян.;Гуминовые и фульвокислоты 4–6% · хелатные микроэлементы (Mg, Fe, Mn, Cu, Zn) ≥0,4% · консорциум 4 штаммов рода Bacillus, титр ≥1×10⁷;"Предпосевная обработка семян зерновых колосовых, обработка клубней и посадочного материала; возможны листовые обработки в вегетацию";Пшеница, ячмень, рожь, картофель. Пролонгированная защита от корневых гнилей злаковых и ризоктониоза картофеля;;;Каталог ГК «Генезис» (2026);нормы;да
Реликт Р;Реликт;Листовые подкормки;от 615 ₽;см. прайс;Гуминово-фульвовый стимулятор для повышения урожайности и стрессоустойчивости.;"Соли гуминовых и фульвовых кислот 4–6% (40–60 г/л) · N общий 0,2–0,5% · N аммонийный 0,1–0,25% · P общий 0,2–0,35% · K общий 0,2–0,35%; рН 9,0–11";"Обработка семян 0,4 л/т; листовые подкормки — по схеме, часто в баковой смеси с «Реликт М»";Все сельхозкультуры. Подтверждено на клевере, яровом рапсе, кукурузе;;Жидкость, рН 9,0–11;Каталог ГК «Генезис» (2026);нормы;да
Реликт М Молибден;Реликт;Листовые подкормки;от 1340 ₽;раствор;Молибденовое микроудобрение с аминокислотами для азотного обмена.;"Молибден (MoO3) 60–70 г/л · азот (N) 25–35 г/л · комплекс аминокислот 100–120 г/л; рН 8–9,5";"Обработка семян 0,5 л/т; листовая подкормка 0,2–0,4 л/га";"Бобовые (ключевая роль в усвоении азота), соя, клевер; все сельхозкультуры";;рН 8–9,5;Каталог ГК «Генезис» (2026);;да
Реликт М Сера;Реликт;Листовые подкормки;от 730 ₽;раствор;Серное удобрение для синтеза аминокислот, белка и повышения урожайности.;"Сера (SO3) 550–600 г/л · азот (N) 110–130 г/л; рН 5–6. Сульфитная форма";0,5 л/га листовая подкормка (рапс — фазы розетка, стеблевание, бутонизация);"Рапс, соя, капуста и другие серолюбивые культуры; зерновые — качество зерна";;рН 5–6;Каталог ГК «Генезис» (2026);;да
Реликт М Бор;Реликт;Листовые подкормки;от 765 ₽;раствор;Борное микроудобрение для цветения, опыления и формирования плодов.;"Бор (B) 130–150 г/л (в соединении с этаноламином ≥460 г/л) · азот (N) 90–110 г/л · молибден (MoO3) 4–8 г/л; рН 8–9,5";0,5–1,5 л/га листовая подкормка;Все сельхозкультуры. Подсолнечник (2–5 пар листьев, начало образования корзинки), сахарная свёкла 1,0–1,5 л/га;;рН 8–9,5;Каталог ГК «Генезис» (2026);;да
Реликт М Цинк;Реликт;Листовые подкормки;от 695 ₽;раствор;Цинковое удобрение с аминокислотами для фотосинтеза и качества урожая.;"Цинк (ZnO) 120–140 г/л · азот (N) 30–40 г/л · комплекс аминокислот 15–180 г/л; рН 5–6";0,43–1,0 л/га листовая подкормка;"Кукуруза (3–5 лист, 4 лист при гербицидной обработке); все сельхозкультуры";;рН 5–6;Каталог ГК «Генезис» (2026);;да
Реликт М Кремний;Реликт;Листовые подкормки;от 470 ₽;раствор;Кремниевое удобрение с калием для укрепления растений и стрессоустойчивости.;"Кремний (SiO2) 210–230 г/л · Калий (K2O) 90–110 г/л; рН 11–12";0,2 л/га, до 3 обработок за вегетацию;"Все сельхозкультуры. Зерновые — снижение риска полегания; томаты (подтверждено)";;рН 11–12;Каталог ГК «Генезис» (2026);;да
Relict Макро N Mg+;Реликт;Удобрения;Цена по запросу;;Азотно-серно-магниевое удобрение для листовых подкормок.;"Азот общий 250–280 г/л · сера (SO3) 40–50 г/л · магний (MgO) 7–10 г/л; плотность 1,2–1,3 г/см³, рН 5,5–7,5";Листовая подкормка;Все декоративные и сельскохозяйственные культуры;;Плотность 1,2–1,3 г/см³, рН 5,5–7,5;Каталог ГК «Генезис» (2026);нормы;да
Relict Макро PK;Реликт;Удобрения;Цена по запросу;;Фосфорно-калийное удобрение для налива и качества урожая.;"Азот общий 65–90 г/л · фосфор (P2O5) 410–450 г/л · калий (K2O) 140–150 г/л; плотность 1,35–1,45 г/см³, рН 6,5–7,5";Листовая подкормка;"Все культуры; особенно масличные — подсолнечник, рапс, соя";;Плотность 1,35–1,45 г/см³, рН 6,5–7,5;Каталог ГК «Генезис» (2026);нормы;да
OYYO Альфа Аминостарт;OYYO;Удобрения;Цена по запросу;;Органоминеральное удобрение с аминокислотами для стартового развития.;"Гуминовые и фульвовые кислоты ≥10% · N общий 0,7% (мочевинный 0,1, аммонийный 0,1, нитратный 0,5) · P 0,5% · K 1,5% · Mg 0,08% · Ca 0,1% · Mn 0,0007% · Cu 0,0001% · Zn 0,0003% · Fe 0,07% · комплекс аминокислот и пептидов; рН 9,5–10,0";;Все сельхозкультуры;1 л, 5 л;Жидкое органоминеральное, рН 9,5–10,0;Каталог ГК «Генезис» (2026);нормы;да
OYYO Альфа Аминобиостим;OYYO;Удобрения;Цена по запросу;;Органоминеральное удобрение для активного роста и восстановления.;"Гуминовые и фульвовые кислоты ≥10% · N общий 12% (мочевинный 8, аммонийный 2, нитратный 2) · P 4% · K 4% · Mg 0,08% · Ca 0,1% · Mn 0,01% · Cu 0,01% · Zn 0,01% · B 0,02% · Mo 0,01% · Fe 0,1% · аминокислоты и пептиды 2,0%; рН 6,3–6,8";;Все сельхозкультуры;1 л, 5 л;Жидкое органоминеральное, рН 6,3–6,8;Каталог ГК «Генезис» (2026);нормы;да
OYYO Альфа Аминофиниш;OYYO;Удобрения;Цена по запросу;;Высококалийное органоминеральное удобрение для налива урожая.;"Гуминовые и фульвовые кислоты ≥10% · N общий 6% · P 4% · K 12% · S 4% · Mg 0,08% · Ca 0,1% · Mn 0,01% · Cu 0,001% · Zn 0,01% · B 0,02% · Mo 0,01% · Fe 0,1% · аминокислоты и пептиды 1,0%; рН 7,4–8,0";;Все сельхозкультуры — финальные стадии;1 л, 5 л;Жидкое органоминеральное, рН 7,4–8,0;Каталог ГК «Генезис» (2026);нормы;да
OYYO Альфа Старт;OYYO;Удобрения;Цена по запросу;;Органоминеральное удобрение для начальных фаз роста и корней.;"Гуминовые и фульвовые кислоты ≥10% · N общий 0,7% · P 0,5% · K 1,5% · Mg 0,08% · Ca 0,1% · Mn 0,0007% · Cu 0,0001% · Zn 0,0003% · Fe 0,07% · комплекс аминокислот и пептидов; рН 9,5–10,0";;Все сельхозкультуры;1 л, 5 л;Жидкое органоминеральное, рН 9,5–10,0;Каталог ГК «Генезис» (2026);нормы;да
OYYO Биогель Амино;OYYO;Удобрения;Цена по запросу;;Органоминеральное удобрение с аминокислотами и гуминовыми веществами.;N общий 5,4% (аммонийный 1,4, нитратный 4) · P 4,6% · K 15% · Ca 0,12% · S 5,1% · органическое вещество ≥1% (лизин, треонин, гуминовые и фульвовые кислоты) · индолилуксусная кислота 0,2%;;Все сельхозкультуры;1 л, 5 л;Гранулированное комплексное;Каталог ГК «Генезис» (2026);нормы;да
OYYO Биогель Профи;OYYO;Удобрения;Цена по запросу;;Комплексное органоминеральное удобрение с макро- и микроэлементами.;N общий 12,4% (аммонийный 2,8, нитратный 9,6) · P 13,8% · K 5% · Mg 0,3% · S 1,7% · Fe 0,013% · Mn 0,01% · Cu 0,002% · Mo 0,001% · B 0,005% · органическое вещество ≥5% · ИУК 0,2%;;Все сельхозкультуры;1 л, 5 л;Гранулированное комплексное;Каталог ГК «Генезис» (2026);нормы;да
OYYO Биогель Биостим;OYYO;Удобрения;Цена по запросу;;Комплексное удобрение с повышенным калием и органическими компонентами.;N общий 7,2% (аммонийный 1,4, нитратный 5,8) · P 9,2% · K 25% · Ca 0,22% · Mg 1,5% · S 8,3% · органическое вещество ≥1% · индолилуксусная кислота 0,2%;;Все сельхозкультуры;1 л, 5 л;Гранулированное комплексное;Каталог ГК «Генезис» (2026);нормы;да
OYYO Биогель Форте;OYYO;Удобрения;Цена по запросу;;NPK-удобрение с органическими веществами и стимуляторами роста.;N общий 10% (аммонийный 5, нитратный 5) · P 10% · K 10% · органическое вещество ≥1% · индолилуксусная кислота 0,2%;;Все сельхозкультуры;1 л, 5 л;Гранулированное комплексное;Каталог ГК «Генезис» (2026);нормы;да
OYYO Биогель Актив;OYYO;Удобрения;Цена по запросу;;Фосфорное органоминеральное удобрение для корней и стартовых процессов.;N общий 14,4% · P 40% · K 3,3% · S 0,45% · Fe 0,013% · Mn 0,01% · Cu 0,002% · Mo 0,001% · B 0,005% · органическое вещество ≥5% · ИУК 0,2%;;Все сельхозкультуры — стартовые стадии;1 л, 5 л;Гранулированное комплексное;Каталог ГК «Генезис» (2026);нормы;да
OYYO Биогель Универсал;OYYO;Удобрения;Цена по запросу;;Универсальное комплексное удобрение для различных культур.;N общий 5% (аммонийный 2,5, нитратный 2,5) · P 5% · K 5% · органическое вещество ≥1% · индолилуксусная кислота 0,2%;;Все сельхозкультуры;1 л, 5 л;Гранулированное комплексное;Каталог ГК «Генезис» (2026);нормы;да
OYYO Биогель Старт;OYYO;Удобрения;Цена по запросу;;Стартовое удобрение с фосфором и кальцием для корневой системы.;N общий 3,6% · P 24% · Ca 4,8% · Mg 0,3% · S 4,8% · органическое вещество ≥1% · индолилуксусная кислота 0,2%;;Все сельхозкультуры — стартовые стадии;1 л, 5 л;Гранулированное комплексное;Каталог ГК «Генезис» (2026);нормы;да
OYYO Биогель Комплекс;OYYO;Удобрения;Цена по запросу;;Комплексное органоминеральное удобрение с макро- и микроэлементами.;N общий 7% (аммонийный 2,8, нитратный 4,2) · P 10,3% · K 3,3% · Fe 0,013% · Mn 0,01% · Cu 0,002% · Mo 0,001% · B 0,005% · органическое вещество ≥1% · ИУК 0,2%;;Все сельхозкультуры;1 л, 5 л;Гранулированное комплексное;Каталог ГК «Генезис» (2026);нормы;да
FERTIKA Газонное. Осень;Фертика;Удобрения;от 97 ₽;водорастворимые гранулы, 800 кг;Гранулированное осеннее удобрение для газона.;NPK 6:13:36 + микроэлементы — Ca, MgO, SO3, B, Cu, Fe, Mn, Mo, Zn;"Закладка газона 10 кг/100 м²; по вегетации 7 кг/100 м²";Газон;800 кг;;Прайс ООО «Сатурн», сезон 2026 (стр. 2–5);;да
Альфард, ВР;СЗР / адъюванты;Гербициды;1040 ₽;20 л, штабель;Однолетние и некоторые многолетние двудольные сорняки;фомесафен 250 г/л;1,5–2 л/кг/га;Соя;;;Прайс ООО «Сатурн», сезон 2026 (стр. 2–5);;да
Ампир Экстра, ВР;СЗР / адъюванты;Гербициды;540 ₽;20 л, штабель;Гербицид сплошного действия;глифосат (калийная соль) 540 г/л;1,4–5 л/кг/га;Пары, поля под посев, земли не с/х;;;Прайс ООО «Сатурн», сезон 2026 (стр. 2–5);;да
Ампир, ВР;СЗР / адъюванты;Гербициды;Цена по запросу;20 л, штабель;Гербицид сплошного действия;глифосат (изопропиламинная соль) 360 г/л;2–8 л/кг/га;Поля, пары под посев;;;Прайс ООО «Сатурн», сезон 2026 (стр. 2–5);;да
Ранголи-Базорон, ВР;СЗР / адъюванты;Гербициды;1040 ₽;20 л, штабель;Однолетние двудольные сорняки;бентазон 480 г/л;1,5–4 л/кг/га;Пшеница яровая/озимая, ячмень яровой/озимый, рожь яровая/озимая, овёс, горох, нут, соя, лён-долгунец;;;Прайс ООО «Сатурн», сезон 2026 (стр. 2–5);;да
Гекстар, ВДГ;СЗР / адъюванты;Гербициды;2590 ₽;0,5 кг × 10;Однолетние двудольные сорняки, в т.ч. устойчивые к 2,4-Д и МЦПА;трибенурон-метил 750 г/кг;0,01–0,05 л/кг/га;Пшеница яровая/озимая, ячмень яровой/озимый, овёс, SU-подсолнечник;;;Прайс ООО «Сатурн», сезон 2026 (стр. 2–5);;да
Зазофен, ВР;СЗР / адъюванты;Гербициды;1825 ₽;5 л × 4;Однолетние двудольные и некоторые однолетние злаковые сорняки;бентазон 360 г/л + ацифлуорфен 80 г/л;1–1,5 л/кг/га;Соя;;;Прайс ООО «Сатурн», сезон 2026 (стр. 2–5);;да
Злакофф, КЭ;СЗР / адъюванты;Гербициды;877,5 ₽;5 л × 4;Однолетние злаковые, многолетние злаковые (пырей ползучий);клетодим 240 г/л;0,2–1 л/кг/га;Свёкла сахарная, рапс яровой/озимый, соя, лён, подсолнечник;;;Прайс ООО «Сатурн», сезон 2026 (стр. 2–5);;да
Кирасир, СЭ;СЗР / адъюванты;Гербициды;540 ₽;10 л × 2;Однолетние двудольные, в т.ч. устойчивые к 2,4-Д и МЦПА, и некоторые многолетние двудольные;2,4-Д кислоты (2-этилгексиловый эфир) 410 г/л + флорасулам 7,4 г/л;0,3–0,5 л/кг/га;Пшеница яровая/озимая, ячмень яровой, кукуруза, просо, сорго;;;Прайс ООО «Сатурн», сезон 2026 (стр. 2–5);;да
Клео, ВДГ;СЗР / адъюванты;Гербициды;4050 ₽;1 кг × 10;Однолетние и некоторые многолетние двудольные, в т.ч. сложноцветные;клопиралид 750 г/кг;0,12–0,12 л/кг/га;Свёкла сахарная, рапс яровой (семена), лён долгунец/масличный;;;Прайс ООО «Сатурн», сезон 2026 (стр. 2–5);;да
Клордин, КЭ;СЗР / адъюванты;Гербициды;1065 ₽;5 л × 4;Однолетние двудольные и злаковые сорняки;кломазон 480 г/л;0,7–1 л/кг/га;Соя;;;Прайс ООО «Сатурн», сезон 2026 (стр. 2–5);;да
Курсар, ВР;СЗР / адъюванты;Гербициды;880 ₽;5 л × 4;Однолетние злаковые и двудольные сорняки;имазамокс 40 г/л;0,75–1 л/кг/га;Соя, горох и нут (на зерно);;;Прайс ООО «Сатурн», сезон 2026 (стр. 2–5);;да
Метолс, КЭ;СЗР / адъюванты;Гербициды;1150 ₽;5 л × 4;Однолетние злаковые и некоторые двудольные сорняки;С-метолахлор 960 г/л;1,3–1,6 л/кг/га;Кукуруза, соя, подсолнечник, рапс яровой, свёкла сахарная;;;Прайс ООО «Сатурн», сезон 2026 (стр. 2–5);;да
Поллукс, ЭМВ;СЗР / адъюванты;Гербициды;745 ₽;10 л × 2;Однолетние злаковые сорняки;феноксапроп-П-этил 69 г/л + антидот клоквинтосет-мексил 34,5 г/л;0,8–1 л/кг/га;Пшеница яровая/озимая, ячмень яровой;;;Прайс ООО «Сатурн», сезон 2026 (стр. 2–5);;да
Спика, КЭ;СЗР / адъюванты;Гербициды;850 ₽;"5 л × 4; 10 л × 2";Однолетние злаковые, многолетние злаковые (пырей ползучий);галоксифоп-П-метил 108 г/л;0,5–1 л/кг/га;Рапс яровой/озимый, соя, подсолнечник;;;Прайс ООО «Сатурн», сезон 2026 (стр. 2–5);;да
Тифилагро, ВДГ;СЗР / адъюванты;Гербициды;5625 ₽;0,1 кг × 100;Однолетние и некоторые многолетние двудольные, в т.ч. устойчивые к 2,4-Д и МЦПА;тифенсульфурон-метил 750 г/л;0,006–0,025 л/кг/га;Пшеница яровая/озимая, ячмень яровой/озимый, кукуруза (на зерно), соя, лён долгунец/масличный;;;Прайс ООО «Сатурн», сезон 2026 (стр. 2–5);;да
Торпеда, ВДГ;СЗР / адъюванты;Гербициды;Цена по запросу;0,5 кг;Однолетние и некоторые многолетние двудольные сорняки;тифенсульфурон-метил 500 г/кг + флорасулам 170 г/кг;0,025–0,035 л/кг/га;Зерновые колосовые яровые/озимые за исключением овса, кукуруза (зерно);;;Прайс ООО «Сатурн», сезон 2026 (стр. 2–5);;да
Укротитель, КЭ;СЗР / адъюванты;Гербициды;800 ₽;"5 л × 4; 10 л × 2";Однолетние злаковые (овсюг, метлица обыкновенная, щетинники, мятлик, просовидные);феноксапроп-П-этил 100 г/л + антидот клоквинтосет-мексил 27 г/л;0,4–0,9 л/кг/га;Пшеница яровая/озимая;;;Прайс ООО «Сатурн», сезон 2026 (стр. 2–5);;да
Царумин, ВК;СЗР / адъюванты;Гербициды;880 ₽;10 л × 2;Однолетние двудольные сорные растения;МЦПА (диметиламинная + натриевая + калиевая соль) 500 г/л;0,5–1,5 л/кг/га;Пшеница яровая/озимая, ячмень яровой/озимый, рожь озимая, овёс, горох (на зерно), картофель, лён-долгунец;;;Прайс ООО «Сатурн», сезон 2026 (стр. 2–5);;да
Челленджер, ВРК;СЗР / адъюванты;Гербициды;945 ₽;"5 л × 4; 10 л × 2";Однолетние злаковые и двудольные и некоторые многолетние сорняки;имазамокс 33 г/л + имазапир 15 г/л;1–1,2 л/кг/га;Подсолнечник (на масло и зерно), устойчивый к имидазолинонам;;;Прайс ООО «Сатурн», сезон 2026 (стр. 2–5);;да
Ранголи-Реголон, ВР;СЗР / адъюванты;Десиканты;392 ₽;10 л × 2;Десикация;дикват дибромид 150 г/л (пересчёт на дикват-ион 80,3 г/л);2–2 л/кг/га;Подсолнечник;;;Прайс ООО «Сатурн», сезон 2026 (стр. 2–5);;да
Ригель Форте, ВР;СЗР / адъюванты;Десиканты;540 ₽;10 л × 2;Десикация;дикват дибромид 240 г/л (пересчёт на дикват-ион 128 г/л);0,7–1,8 л/кг/га;Подсолнечник, соя, рапс яровой, горох, картофель;;;Прайс ООО «Сатурн», сезон 2026 (стр. 2–5);;да
Анкер Трио, КС;СЗР / адъюванты;Протравители;1475 ₽;5 л × 4;Твёрдая и пыльная головня, фузариозная и гельминтоспориозная корневые гнили, плесневение семян;тиабендазол 60 г/л + тебуконазол 60 г/л + имазалил 40 г/л;0,4–0,5 л/кг/га;Пшеница яровая/озимая, ячмень яровой/озимый;;;Прайс ООО «Сатурн», сезон 2026 (стр. 2–5);;да
Тиара, КС;СЗР / адъюванты;Протравители;945 ₽;5 л × 4;Хлебная жужелица, внутристеблевые мухи, блошки, тли, цикадки;тиаметоксам 350 г/л;0,5–1 л/кг/га;Пшеница яровая/озимая, ячмень яровой/озимый;;;Прайс ООО «Сатурн», сезон 2026 (стр. 2–5);;да
Тиль Про, КС;СЗР / адъюванты;Протравители;Цена по запросу;5 л × 4;Хлебная жужелица, внутристеблевые мухи, блошки, тли, цикадки, проволочник, клубеньковый долгоносик;тиаметоксам 350 г/л;0,5–9 л/кг/га;Пшеница яровая/озимая, ячмень яровой/озимый, рожь озимая, подсолнечник, кукуруза, горох, соя, рапс;;;Прайс ООО «Сатурн», сезон 2026 (стр. 2–5);;да
Тореадор Макси, КС;СЗР / адъюванты;Протравители;1760 ₽;5 л × 4;Проволочники и ложнопроволочники, внутристеблевые мухи, крестоцветные блошки, хлебная жужелица;имидаклоприд 600 г/л;0,3–12 л/кг/га;Пшеница яровая/озимая, ячмень, рапс, кукуруза, подсолнечник;;;Прайс ООО «Сатурн», сезон 2026 (стр. 2–5);;да
Альфацин, КЭ;СЗР / адъюванты;Инсектициды;510 ₽;"5 л × 4; 10 л × 2";Клоп вредная черепашка, блошки, тли, цикадки, трипсы, пьявица, рапсовый цветоед, крестоцветные блошки, свекловичная листовая тля и минирующая муха, гороховая зерновка и плодожорка, долгоносики, саранчовые;альфа-циперметрин 100 г/л;0,1–0,3 л/кг/га;Пшеница яровая/озимая, ячмень яровой/озимый, рапс яровой/озимый, картофель, свёкла кормовая и сахарная, горох, люцерна, участки, заселённые саранчовыми;;;Прайс ООО «Сатурн», сезон 2026 (стр. 2–5);;да
Гарпун, КС;СЗР / адъюванты;Инсектициды;1150 ₽;5 л × 4;Клоп вредная черепашка, хлебные жуки и блошки, пшеничные трипсы, тли, внутристеблевые мухи, пьявица, стеблевые пилильщики, свекловичные долгоносики, луговой мотылёк, гороховая зерновка и плодожорка, бобовая огнёвка, соевая плодожорка, клубеньковый долгоносик, рапсовый цветоед и пилильщик;ацетамиприд 115 г/л + лямбда-цигалотрин 106 г/л;0,1–0,5 л/кг/га;Пшеница яровая/озимая, ячмень яровой, свёкла сахарная, горох, нут, соя, рапс яровой;;;Прайс ООО «Сатурн», сезон 2026 (стр. 2–5);;да
Кастра, КС;СЗР / адъюванты;Инсектициды;1125 ₽;5 л × 4;Клубеньковый долгоносик, многоягодные совки, бобовая огнёвка, крестоцветные блошки, рапсовый пилильщик и цветоед, рапсовый семенной скрытнохоботник, клоп вредная черепашка, тли, хлебные жуки, пшеничный трипс, хлебные блошки, пьявицы;клотианидин 140 г/л + лямбда-цигалотрин 100 г/л;0,1–0,25 л/кг/га;Зерновые колосовые (кроме овса), рапс яровой/озимый, соя;;;Прайс ООО «Сатурн», сезон 2026 (стр. 2–5);;да
Ранголи Норил, КЭ;СЗР / адъюванты;Инсектициды;1040 ₽;"5 л × 4; 10 л × 2";Хлебная жужелица, клоп вредная черепашка, хлебные жуки, злаковые тли, пьявицы, крестоцветные блошки;клотианидин 140 г/л + лямбда-цигалотрин 100 г/л;0,5–1 л/кг/га;Пшеница яровая/озимая, ячмень, рапс;;;Прайс ООО «Сатурн», сезон 2026 (стр. 2–5);;да
Атлант Супер;СЗР / адъюванты;Фунгициды;Цена по запросу;5 л × 4;Мучнистая роса, ржавчина (бурая, жёлтая, стеблевая), септориоз, пиренофороз, фузариоз (частично), церкоспороз, фомоз, альтернариоз;пропиконазол 250 г/л + ципроконазол 80 г/л;0,4–0,75 л/кг/га;Пшеница яровая/озимая, свёкла сахарная;;;Прайс ООО «Сатурн», сезон 2026 (стр. 2–5);;да
Гранберг Про, КЭ;СЗР / адъюванты;Фунгициды;1562,5 ₽;10 л × 2;"Ржавчина бурая, стеблевая, жёлтая; мучнистая роса, септориоз листьев и колоса, пиренофороз, карликовая ржавчина, ринхоспориоз, сетчатая и тёмно-бурая пятнистости, церкоспороз, фомоз, оидиум, альтернариоз, аскохитоз, антракноз";пропиконазол 300 г/л + тебуконазол 200 г/л;0,2–0,6 л/кг/га;Пшеница яровая/озимая, ячмень яровой/озимый, свёкла сахарная, виноград, рапс яровой/озимый, соя;;;Прайс ООО «Сатурн», сезон 2026 (стр. 2–5);;да
Гранберг, КЭ;СЗР / адъюванты;Фунгициды;1417,5 ₽;10 л × 2;"Ржавчина бурая, стеблевая, жёлтая, корончатая; мучнистая роса, септориоз листьев и колоса, пиренофороз, карликовая ржавчина, сетчатая, тёмно-бурая и красно-бурая пятнистости, ринхоспориоз, альтернариоз, склеротиниоз";тебуконазол 250 г/л;0,75–1 л/кг/га;Пшеница яровая/озимая, ячмень яровой/озимый, рожь озимая, овёс, рапс яровой/озимый;;;Прайс ООО «Сатурн», сезон 2026 (стр. 2–5);;да
Волски Оптим;СЗР / адъюванты;Адъюванты и спецпрепараты;от 700 ₽ (рассрочка 735 ₽);;рН-корректор рабочего раствора;Подкисляет рабочий раствор, связывает соли жёсткости, снижает поверхностное натяжение;30–150 мл на 100 л;;;;Прайс ООО «Сатурн», сезон 2026 (стр. 2–5);;да
Биостик Терра;СЗР / адъюванты;Адъюванты и спецпрепараты;от 635 ₽ (рассрочка 730 ₽);;Биоклей для гороха, сои, чечевицы, рапса, льна, горчицы;Олигополисахарид бактериального происхождения, гетероферментивные молочнокислые бактерии и комплекс доп. веществ. Предотвращает растрескивание плодов;1 л/га на 100–200 л воды/га;;;;Прайс ООО «Сатурн», сезон 2026 (стр. 2–5);;да
Вега 90, Ж;СЗР / адъюванты;Адъюванты и спецпрепараты;от 220 ₽ (рассрочка 253 ₽);;ПАВ-адъювант для совместного применения с эмульсионными гербицидами;Этоксилат изодецилового спирта, 900 г/л;0,2–0,5;;;;Прайс ООО «Сатурн», сезон 2026 (стр. 2–5);;да
Вега АнтиПена, КЭ;СЗР / адъюванты;Адъюванты и спецпрепараты;Цена по запросу;;Пеногаситель для баковых смесей пестицидов;Силиконовая эмульсия, функциональные добавки;0,01–0,05;;;;Прайс ООО «Сатурн», сезон 2026 (стр. 2–5);;да
Вега Баланс, ВР;СЗР / адъюванты;Адъюванты и спецпрепараты;Цена по запросу;;Кондиционер и смягчитель воды под физиологически кислые пестициды;Ортофосфорная кислота + рН-индикатор;0,1–1;;;;Прайс ООО «Сатурн», сезон 2026 (стр. 2–5);;да
Вега Голд, Ж;СЗР / адъюванты;Адъюванты и спецпрепараты;от 1350 ₽ (рассрочка 1552,5 ₽);;Кремнийорганический ПАВ-адъювант, суперсмачиватель;Гептометилтрисилоксан;0,01–0,1;;;;Прайс ООО «Сатурн», сезон 2026 (стр. 2–5);;да
Вега Клей;СЗР / адъюванты;Адъюванты и спецпрепараты;Цена по запросу;;Клей для крестоцветных и зернобобовых — против опадения и потери зерна;Кедровая смола, масло крабе, канифоль, адъюванты;0,8–1,5;;;;Прайс ООО «Сатурн», сезон 2026 (стр. 2–5);;да
Вега Турбо;СЗР / адъюванты;Адъюванты и спецпрепараты;от 426 ₽ (рассрочка 490 ₽);;Чистящее средство для промывки опрыскивающего оборудования;Спирты С11-15 вторичные этоксилированные и бутоксилированные, моноэтаноламин, монобутиловый эфир диэтиленгликоля, 1,4-бис(2-этилгексил)сульфосукцинат натрия, изопропиловый спирт;0,1–0,3;;;;Прайс ООО «Сатурн», сезон 2026 (стр. 2–5);;да
Вега Эмульс, КЭ;СЗР / адъюванты;Адъюванты и спецпрепараты;Цена по запросу;;ПАВ-адъювант для повышения эффективности СЗР;Сложные эфиры жирных кислот, анионные сложных эфиров алкилполигликозида, этоксилированных жирных спиртов и хьюмекантов;0,5–1;;;;Прайс ООО «Сатурн», сезон 2026 (стр. 2–5);;да
