Название;Единица;Основание
FERTIKA Листовое Старт 13-40-13;кг;по фасовке, не подтверждено заказчиком (30.09.2026)
FERTIKA Листовое 18-18-18;кг;по фасовке, не подтверждено заказчиком (30.09.2026)
FERTIKA Листовое 10-5-40;кг;по фасовке, не подтверждено заказчиком (30.09.2026)
FERTIKA Листовое 4-13-36;кг;по фасовке, не подтверждено заказчиком (30.09.2026)
FERTIKA Плюс 6,4-11-31;кг;по фасовке, не подтверждено заказчиком (30.09.2026)
FERTIKA Листовое 19-6-20;кг;по фасовке, не подтверждено заказчиком (30.09.2026)
FERTIKA Плюс 12-11-26;кг;по фасовке, не подтверждено заказчиком (30.09.2026)
FERTIKA Плюс 16-20-27;кг;по фасовке, не подтверждено заказчиком (30.09.2026)
FERTIKA Универсал-2 NPK 12-8-14;кг;по фасовке, не подтверждено заказчиком (30.09.2026)
FERTIKA Газонное Весна-Лето NPK 11-12-26;кг;по фасовке, не подтверждено заказчиком (30.09.2026)
FERTIKA Осеннее NPK 5-21-31;кг;по фасовке, не подтверждено заказчиком (30.09.2026)
FERTIKA Картофельное-5 NPK 11-9-16;кг;по фасовке, не подтверждено заказчиком (30.09.2026)
FERTIKA Эко Калий;кг;по фасовке, не подтверждено заказчиком (30.09.2026)
FERTIKA Сульфат калия;кг;по фасовке, не подтверждено заказчиком (30.09.2026)
Микромак;л;по фасовке, не подтверждено заказчиком (30.09.2026)
Экомак;л;по фасовке, не подтверждено заказчиком (30.09.2026)
Микроэл Универсальный;л;по фасовке, не подтверждено заказчиком (30.09.2026)
Страда N;л;по фасовке, не подтверждено заказчиком (30.09.2026)
Страда P;л;по фасовке, не подтверждено заказчиком (30.09.2026)
Страда K;л;по фасовке, не подтверждено заказчиком (30.09.2026)
Волски Моно-Сера;л;по фасовке, не подтверждено заказчиком (30.09.2026)
Волски Моно-Бор;л;по фасовке, не подтверждено заказчиком (30.09.2026)
Волски Моно-Цинк;л;по фасовке, не подтверждено заказчиком (30.09.2026)
Волски Моно-Железо;л;по фасовке, не подтверждено заказчиком (30.09.2026)
Волски Моно-Медь;л;по фасовке, не подтверждено заказчиком (30.09.2026)
Диформа Бор-Молибден;л;по фасовке, не подтверждено заказчиком (30.09.2026)
Диформа Кальций-Азот;л;по фасовке, не подтверждено заказчиком (30.09.2026)
Диформа Магний-Цинк;л;по фасовке, не подтверждено заказчиком (30.09.2026)
Диформа Магний-Марганец;л;по фасовке, не подтверждено заказчиком (30.09.2026)
Диформа Марганец-Цинк;л;по фасовке, не подтверждено заказчиком (30.09.2026)
Диформа Кремний-Калий;л;по фасовке, не подтверждено заказчиком (30.09.2026)
Диформа Кобальт-Селен;л;по фасовке, не подтверждено заказчиком (30.09.2026)
FERTIKA Газонное. Осень;кг;по фасовке, не подтверждено заказчиком (30.09.2026)
Альфард, ВР;л;по фасовке, не подтверждено заказчиком (30.09.2026)
Ампир Экстра, ВР;л;по фасовке, не подтверждено заказчиком (30.09.2026)
Ранголи-Базорон, ВР;л;по фасовке, не подтверждено заказчиком (30.09.2026)
Гекстар, ВДГ;кг;по фасовке, не подтверждено заказчиком (30.09.2026)
Зазофен, ВР;л;по фасовке, не подтверждено заказчиком (30.09.2026)
Злакофф, КЭ;л;по фасовке, не подтверждено заказчиком (30.09.2026)
Кирасир, СЭ;л;по фасовке, не подтверждено заказчиком (30.09.2026)
Клео, ВДГ;кг;по фасовке, не подтверждено заказчиком (30.09.2026)
Клордин, КЭ;л;по фасовке, не подтверждено заказчиком (30.09.2026)
Курсар, ВР;л;по фасовке, не подтверждено заказчиком (30.09.2026)
Метолс, КЭ;л;по фасовке, не подтверждено заказчиком (30.09.2026)
Поллукс, ЭМВ;л;по фасовке, не подтверждено заказчиком (30.09.2026)
Спика, КЭ;л;по фасовке, не подтверждено заказчиком (30.09.2026)
Тифилагро, ВДГ;кг;по фасовке, не подтверждено заказчиком (30.09.2026)
Укротитель, КЭ;л;по фасовке, не подтверждено заказчиком (30.09.2026)
Царумин, ВК;л;по фасовке, не подтверждено заказчиком (30.09.2026)
Челленджер, ВРК;л;по фасовке, не подтверждено заказчиком (30.09.2026)
Ранголи-Реголон, ВР;л;по фасовке, не подтверждено заказчиком (30.09.2026)
Ригель Форте, ВР;л;по фасовке, не подтверждено заказчиком (30.09.2026)
Анкер Трио, КС;л;по фасовке, не подтверждено заказчиком (30.09.2026)
Тиара, КС;л;по фасовке, не подтверждено заказчиком (30.09.2026)
Тореадор Макси, КС;л;по фасовке, не подтверждено заказчиком (30.09.2026)
Альфацин, КЭ;л;по фасовке, не подтверждено заказчиком (30.09.2026)
Гарпун, КС;л;по фасовке, не подтверждено заказчиком (30.09.2026)
Кастра, КС;л;по фасовке, не подтверждено заказчиком (30.09.2026)
Ранголи Норил, КЭ;л;по фасовке, не подтверждено заказчиком (30.09.2026)
Гранберг Про, КЭ;л;по фасовке, не подтверждено заказчиком (30.09.2026)
Гранберг, КЭ;л;по фасовке, не подтверждено заказчиком (30.09.2026)
Реликт Р Старт (протравитель);л;"поиск 30.09.2026: фасовка в канистрах, цены «за литр» у продавцов/производителя (уверенность средняя); источники — docs/PRICE-UNITS-SOURCES.md"
Реликт Р;л;"поиск 30.09.2026: фасовка в канистрах, цены «за литр» у продавцов/производителя (уверенность высокая); источники — docs/PRICE-UNITS-SOURCES.md"
Реликт М Молибден;л;"поиск 30.09.2026: фасовка в канистрах, цены «за литр» у продавцов/производителя (уверенность средняя); источники — docs/PRICE-UNITS-SOURCES.md"
Реликт М Сера;л;"поиск 30.09.2026: фасовка в канистрах, цены «за литр» у продавцов/производителя (уверенность средняя); источники — docs/PRICE-UNITS-SOURCES.md"
Реликт М Бор;л;"поиск 30.09.2026: фасовка в канистрах, цены «за литр» у продавцов/производителя (уверенность средняя); источники — docs/PRICE-UNITS-SOURCES.md"
Реликт М Цинк;л;"поиск 30.09.2026: фасовка в канистрах, цены «за литр» у продавцов/производителя (уверенность высокая); источники — docs/PRICE-UNITS-SOURCES.md"
Реликт М Кремний;л;"поиск 30.09.2026: фасовка в канистрах, цены «за литр» у продавцов/производителя (уверенность высокая); источники — docs/PRICE-UNITS-SOURCES.md"
Волски Оптим;л;"поиск 30.09.2026: фасовка в канистрах, цены «за литр» у продавцов/производителя (уверенность средняя); источники — docs/PRICE-UNITS-SOURCES.md"
Биостик Терра;л;"поиск 30.09.2026: фасовка в канистрах, цены «за литр» у продавцов/производителя (уверенность низкая–средняя); источники — docs/PRICE-UNITS-SOURCES.md"
Вега 90, Ж;л;"поиск 30.09.2026: фасовка в канистрах, цены «за литр» у продавцов/производителя (уверенность высокая); источники — docs/PRICE-UNITS-SOURCES.md"
Вега Голд, Ж;л;"поиск 30.09.2026: фасовка в канистрах, цены «за литр» у продавцов/производителя (уверенность высокая); источники — docs/PRICE-UNITS-SOURCES.md"
Вега Турбо;л;"поиск 30.09.2026: фасовка в канистрах, цены «за литр» у продавцов/производителя (уверенность высокая); источники — docs/PRICE-UNITS-SOURCES.md"
