Культура;Название;Тип;Оригинатор;Описание;Спелость;Вегетация;Урожайность;Качество;Источник;Статус
Рапс яровой;Новосёл CL;гибрид F1;не указан в КП;Высокоурожайный и высокомасличный среднеранний гибрид 00 типа, безэруковый, низкоглюкозинолатный. Под систему Clearfield. Устойчив к полеганию и осыпанию, отзывчив на удобрения;среднеранний;100 дней;12,5–15 ц/га (+11% к стандарту);масличность 43–46%, выход масла 6,6–9,4 ц/га;КП ООО «Сатурн» от 01.08.2026;✅
Подсолнечник;Ampir 10 Express;гибрид F1;не указан в КП;Гибрид нового поколения под технологию ExpressSun. Высокая устойчивость к фомопсису, склеротинии и ЛМР;раннеспелый или среднеспелый — уточнить;90–110 или 110–120 дней — уточнить;потенциал 5,6 т/га;масличность 50–53%, масса 1000 семян 46 г;КП ООО «Сатурн» от 01.08.2026;⚠️ какой из двух Ampir раннеспелый
Подсолнечник;Ampir 25 Express;гибрид F1;не указан в КП;Гибрид нового поколения под технологию ExpressSun. Высокая устойчивость к фомопсису, склеротинии и ЛМР;раннеспелый или среднеспелый — уточнить;90–110 или 110–120 дней — уточнить;потенциал 5,6 т/га;масличность 50–53%, масса 1000 семян 46 г;КП ООО «Сатурн» от 01.08.2026;⚠️ какой из двух Ampir раннеспелый
Пшеница озимая;Скипетр;сорт;КФХ «Приволье-1», Полетаев Г.М., ООО «ЭкоНива-Семена»;Среднеспелый, низкорослый сорт мягкой озимой пшеницы, устойчив к полеганию;среднеспелый;297–338 дней;средняя 32,5 ц/га, максимальная 71,3 ц/га;"ценная; белок 12,3–15,6%, клейковина 22,1–30,8%, масса 1000 зёрен 38–49 г";https://direct.farm/knowledge/plant/pshenica-myagkaya-ozimaya/6;✅
Пшеница озимая;Собербаш;сорт;ФГБНУ «НЦЗ им. П.П. Лукьяненко»;Среднеспелый, среднерослый сорт мягкой озимой пшеницы, устойчив к полеганию. Для хлебопекарного производства;среднеспелый;216–308 дней;средняя 68,1 ц/га (ЦЧР), максимальная 119 ц/га;"ценная; масса 1000 зёрен 42–51 г";https://direct.farm/knowledge/plant/pshenica-myagkaya-ozimaya/87;⚠️ нет белка и клейковины
Пшеница озимая;Льговская 4;сорт;;;среднеспелый;;;;Госреестр;❌ описание не найдено
Пшеница озимая;Прииртышская 2;сорт;ФГБНУ «Омский АНЦ»;Озимая мягкая пшеница сибирской селекции. Устойчива к осыпанию, полеганию и засухе, зимостойкость 73%;;335 суток;средняя 59,4 ц/га, максимальная 69,0 ц/га;"ценная; белок 14,0%, клейковина 28,2%, масса 1000 зёрен 43,3 г";https://cyberleninka.ru/article/n/sort-ozimoy-myagkoy-pshenitsy-priirtyshskaya-2;✅
Пшеница яровая;КВС Аквилон;сорт;KWS;Сбалансированное сочетание высокой урожайности, устойчивости к болезням и качества зерна;среднеспелый;76–84 дня;потенциал 90 ц/га, по ГСИ 54,2 ц/га;"ценная (1–2 класс); белок 14–16%, клейковина 28–30%, масса 1000 зёрен 32–37 г, натура 750–820 г/л";https://www.kws.com/ru/ru/produkty/jarovaja-pshenica/kws-akvilon/;✅
Пшеница яровая;КВС Буран;сорт;KWS;Высокая урожайность при сбалансированной устойчивости и качестве зерна;мощный колос и высокая масса 1000 зёрен;;77–86 дней;"потенциал 95 ц/га, по ГСИ 67,0 ц/га; белок 13,3%, клейковина 28–30%, масса 1000 зёрен 39–45 г, натура 785–805 г/л, стекловидность 81%";https://www.kws.com/ru/ru/produkty/jarovaja-pshenica/kws-buran/;✅
Пшеница яровая;Гонец;сорт;ФГБНУ «ФАНЦА»;Среднепоздний, низкорослый сорт мягкой яровой пшеницы. Устойчив к полеганию, пыльной головне и бурой ржавчине;среднепоздний;81–93 дня;средняя 38,0 ц/га (Западная Сибирь), максимальная 84,2 ц/га;"ценная; масса 1000 зёрен 35–48 г";https://direct.farm/knowledge/plant/pshenica-myagkaya-yarovaya/1328;✅
Пшеница яровая;Юнион;сорт;;;;;;;Госреестр, рег. 25.11.2024;❌ новый сорт, описания в открытом доступе нет
Ячмень яровой;Алтайский 22;сорт;;;;;;;;❌ описание не найдено
Ячмень яровой;КВС Джесси;сорт;KWS;Среднеранний сорт двойного назначения с высоким потенциалом урожайности и превосходными пивоваренными характеристиками;раннеспелый;74–82 дня;потенциал до 110 ц/га;"пивоваренный; белок 10–11%, масса 1000 зёрен 41–53 г";https://www.kws.com/ru/ru/produkty/jarovoj-jachmen/kws-dzhessi/;✅
Ячмень яровой;КВС Хоббс;сорт;KWS;Пивоваренный ячмень, отлично подходящий для производства светлых типов солода;среднеспелый;76–88 дней;потенциал 120 ц/га, максимальная по ГСИ 108 ц/га;"пивоваренный; белок 10–11%, масса 1000 зёрен 47–55 г";https://www.kws.com/ru/ru/produkty/jarovoj-jachmen/kws-hobbs/;✅
Соя;Золотистая;сорт;ФГБНУ «Омский АНЦ»;Раннеспелый. Растение индетерминантного типа, средней высоты. Устойчив к засухе;раннеспелый;;средняя 17,0 ц/га, максимальная 38,1 ц/га;белок 30,0–39,5%, жир 16,5–23,9%, масса 1000 семян 123–176 г;https://direct.farm/knowledge/plant/soya/4521;⚠️ нет вегетации
Соя;Сибириада;сорт;ФГБНУ «Омский АНЦ»;Раннеспелый сорт. Рекомендован для Новосибирской, Омской областей и Красноярского края. Устойчив к засухе;раннеспелый;97 дней;средняя 14,3 ц/га, максимальная 39,7 ц/га;белок 35,2%, жир 20,25%, масса 1000 семян 131,6 г;https://direct.farm/knowledge/plant/soya/4666;✅
Соя;Сибириада 20;сорт;ФГБНУ «Омский АНЦ»;Сверхранний сорт;сверхранний;93–102 дня;15 ц/га;белок 29,6–34,2%, жир 18,4–23,7%, масса 1000 семян 149–182 г;поисковая выдача, первоисточник не открыт;⚠️ проверить по первоисточнику
Соя;Сентябринка;сорт;ФНЦ «ВНИИ сои»;Раннеспелый, среднерослый сорт индетерминантного типа, семена жёлто-зелёные;раннеспелый;87–107 дней;средняя 20,8 ц/га, максимальная 31 ц/га;белок 40,92%, жир 18,68%, масса 1000 семян 162 г;https://direct.farm/knowledge/plant/soya/4664;✅
Соя;Топаз;сорт;ФНЦ «ВНИИ сои»;Индетерминантный, низко-среднерослый сорт, семена жёлтые;очень ранний — ранний;89–102 дня;средняя 16,7 ц/га, максимальная 24,3 ц/га;белок 39,93%, жир 20,50%, масса 1000 семян 172,3 г;https://direct.farm/knowledge/plant/soya/4710;✅
Соя;Черемшанка;сорт;;;;;24 ц/га;белок до 37,4%;научная статья, не описание оригинатора;❌ описания нет
Горох посевной;КВС Багу;сорт;KWS;Среднерослый сорт с оптимальным расположением бобов к уборке. Лидирующий горох KWS в мире;;67–85 дней;по ГСИ 46–52 ц/га, максимальная 55 ц/га;белок 23,3–24,8%, масса 1000 зёрен 175–230 г;https://www.kws.com/ru/ru/produkty/zernovye-i-zernobobovye/goroh/багу/;✅
Горох посевной;Бонус 2;сорт;;;;;;;;❌ описание не найдено
Гречиха;Даша;сорт;ФНЦ ЗБК, Орловский ГАУ;Детерминантный тип роста. Устойчивость к полеганию, осыпанию и засухе выше средней. Слабо поражается болезнями;среднеспелый;74–105 дней;средняя 20,0 ц/га (Западная Сибирь), максимальная 37,5 ц/га;"технологические и кулинарные качества высокие; масса 1000 зёрен 25–38 г";https://glavagronom.ru/base/seeds/krupyanie-grechiha-dasha-vnii-zernobobovyh-i-krupyanyh-kultur-8457824;✅
Гречиха;Диана;сорт;ФНЦ ЗБК;Ценный по качеству зерна. Технологические и кулинарные качества высокие;среднеспелый;80–101 день;средняя 19,7 ц/га (Восточная Сибирь), максимальная 43,0 ц/га;"ценная по качеству; масса 1000 зёрен 28–38 г";https://betaren.ru/catalog/semena/semena-krupyanykh-kultur/sorta-selektsii-fgbnu-vniizbk/diana/;✅
Картофель;Инноватор;сорт;HZPC Holland B.V., ФИЦ картофеля им. А.Г. Лорха;Столового назначения, для жарки во фритюре. Пригоден для длительного хранения;среднеранний;75–85 суток;средняя 155–329 ц/га, максимальная 344 ц/га;крахмал 12–15%, товарность 82–96%, масса клубня 83–147 г, лёжкость 95%;https://direct.farm/knowledge/plant/kartofel/1223;✅
