№;Раздел;Подраздел;Название;Бренд;Подпись в карточке;Культуры (фильтр);Цена;Фасовка;Фото
1;Семена;Гибриды;Новосёл CL;;Рапс яровой · гибрид F1;Рапс;Запросить цену;;seed-novosel-cl.jpg
2;Семена;Гибриды;Ampir 10 Express;;Подсолнечник · гибрид F1;Подсолнечник;Запросить цену;;seed-ampir-10.jpg
3;Семена;Гибриды;Ampir 25 Express;;Подсолнечник · гибрид F1;Подсолнечник;Запросить цену;;seed-ampir-25.jpg
4;Семена;Сорта;Скипетр;КФХ «Приволье-1», Полетаев Г.М., ООО «ЭкоНива-Семена»;Пшеница озимая · ЭС;Пшеница;Запросить цену;;seed-crop-pshenitsa-1.jpg
5;Семена;Сорта;Собербаш;ФГБНУ «НЦЗ им. П.П. Лукьяненко»;Пшеница озимая · ЭС, РС 1;Пшеница;Запросить цену;;seed-crop-pshenitsa-2.jpg
6;Семена;Сорта;Льговская 4;Льговская опытно-селекционная станция;Пшеница озимая · ЭС;Пшеница;Запросить цену;;seed-crop-pshenitsa-3.jpg
7;Семена;Сорта;Прииртышская 2;ФГБНУ «Омский АНЦ»;Пшеница озимая · ЭС;Пшеница;Запросить цену;;seed-crop-pshenitsa-1.jpg
8;Семена;Сорта;КВС Аквилон;KWS;Пшеница яровая · РС 1;Пшеница;Запросить цену;;seed-crop-pshenitsa-2.jpg
9;Семена;Сорта;КВС Буран;KWS;Пшеница яровая · РС 1;Пшеница;Запросить цену;;seed-crop-pshenitsa-3.jpg
10;Семена;Сорта;Гонец;ФГБНУ «ФАНЦА»;Пшеница яровая · ЭС;Пшеница;Запросить цену;;seed-crop-pshenitsa-1.jpg
11;Семена;Сорта;Юнион;ФГБНУ ФАНЦА (Барнаул);Пшеница яровая · ЭС;Пшеница;Запросить цену;;seed-crop-pshenitsa-2.jpg
12;Семена;Сорта;Алтайский 22;ФГБНУ ФАНЦА (Барнаул);Ячмень яровой · ЭС;Ячмень;Запросить цену;;seed-crop-yachmen-1.jpg
13;Семена;Сорта;КВС Джесси;KWS;Ячмень яровой · РС 1;Ячмень;Запросить цену;;seed-crop-yachmen-2.jpg
14;Семена;Сорта;КВС Хоббс;KWS;Ячмень яровой · РС 1;Ячмень;Запросить цену;;seed-crop-yachmen-3.jpg
15;Семена;Сорта;Золотистая;ФГБНУ «Омский АНЦ»;Соя · ЭС;Соя;Запросить цену;;seed-crop-soya-1.jpg
16;Семена;Сорта;Сибириада;ФГБНУ «Омский АНЦ»;Соя · ЭС;Соя;Запросить цену;;seed-crop-soya-2.jpg
17;Семена;Сорта;Сибириада 20;ФГБНУ «Омский АНЦ»;Соя · ЭС;Соя;Запросить цену;;seed-crop-soya-1.jpg
18;Семена;Сорта;Сентябринка;ФНЦ «ВНИИ сои»;Соя · ЭС;Соя;Запросить цену;;seed-crop-soya-2.jpg
19;Семена;Сорта;Топаз;ФНЦ «ВНИИ сои»;Соя · ЭС;Соя;Запросить цену;;seed-crop-soya-1.jpg
20;Семена;Сорта;Черемшанка;ФГБНУ «Омский АНЦ»;Соя · ЭС;Соя;Запросить цену;;seed-crop-soya-2.jpg
21;Семена;Сорта;КВС Багу;KWS;Горох посевной · РС 1;Горох;Запросить цену;;seed-crop-goroh-1.jpg
22;Семена;Сорта;Бонус 2;ФГБНУ «Омский АНЦ»;Горох посевной · ЭС;Горох;Запросить цену;;seed-crop-goroh-2.jpg
23;Семена;Сорта;Даша;ФНЦ ЗБК, Орловский ГАУ;Гречиха · ЭС;Гречиха;Запросить цену;;seed-crop-grechiha-1.jpg
24;Семена;Сорта;Диана;ФНЦ ЗБК;Гречиха · ЭС;Гречиха;Запросить цену;;seed-crop-grechiha-2.jpg
25;Семена;Сорта;Инноватор;HZPC Holland B.V., ФИЦ картофеля им. А.Г. Лорха;Картофель · ЭС;Картофель;Запросить цену;;seed-crop-kartofel-1.jpg
26;Обработка семян и протравители;Обработка семян;Микромак;Волски Биохим;Волски Биохим · обработка семян;Все культуры;от 585 ₽/л;;Волски Биохим — Микромак.png
27;Обработка семян и протравители;Обработка семян;Экомак;Волски Биохим;Волски Биохим · обработка семян;Все культуры;от 700 ₽/л;;Волски Биохим — Экомак.png
28;Обработка семян и протравители;Обработка семян;Реликт Р Старт (протравитель);Реликт;Реликт · обработка семян;Пшеница, Ячмень, Картофель;от 735 ₽;;
29;Обработка семян и протравители;Протравители;Анкер Трио, КС;;тиабендазол 60 г/л + тебуконазол 60 г/л + имазалил 40 г/л;Пшеница, Ячмень;1475 ₽/л;5 л × 4;
30;Обработка семян и протравители;Протравители;Тиара, КС;;тиаметоксам 350 г/л;Пшеница, Ячмень;945 ₽/л;5 л × 4;
31;Обработка семян и протравители;Протравители;Тиль Про, КС;;тиаметоксам 350 г/л;Пшеница, Ячмень, Рапс, Подсолнечник, Соя, Кукуруза, Горох;Цена по запросу;5 л × 4;НПК Химия — Тиль Про, КС.png
32;Обработка семян и протравители;Протравители;Тореадор Макси, КС;;имидаклоприд 600 г/л;Пшеница, Ячмень, Рапс, Подсолнечник, Кукуруза;1760 ₽/л;5 л × 4;
33;Гербициды;Гербициды;Альфард, ВР;;фомесафен 250 г/л;Соя;1040 ₽/л;20 л, штабель;НПК Химия — Альфард, ВР.png
34;Гербициды;Гербициды;Ампир Экстра, ВР;;глифосат (калийная соль) 540 г/л;Все культуры;540 ₽/л;20 л, штабель;НПК Химия — Ампир Экстра, ВР.png
35;Гербициды;Гербициды;Ампир, ВР;;глифосат (изопропиламинная соль) 360 г/л;Все культуры;Цена по запросу;20 л, штабель;НПК Химия — Ампир, ВР.png
36;Гербициды;Гербициды;Ранголи-Базорон, ВР;;бентазон 480 г/л;Пшеница, Ячмень, Соя, Горох, Лён;1040 ₽/л;20 л, штабель;Ранголи — Ранголи-Базорон, ВР.png
37;Гербициды;Гербициды;Гекстар, ВДГ;;трибенурон-метил 750 г/кг;Пшеница, Ячмень, Подсолнечник;2590 ₽/кг;0,5 кг × 10;НПК Химия — Гекстар, ВДГ.png
38;Гербициды;Гербициды;Зазофен, ВР;;бентазон 360 г/л + ацифлуорфен 80 г/л;Соя;1825 ₽/л;5 л × 4;
39;Гербициды;Гербициды;Злакофф, КЭ;;клетодим 240 г/л;Рапс, Подсолнечник, Соя, Свёкла, Лён;877,5 ₽/л;5 л × 4;НПК Химия — Злакофф, КЭ.png
40;Гербициды;Гербициды;Кирасир, СЭ;;2,4-Д кислоты (2-этилгексиловый эфир) 410 г/л + флорасулам 7,4 г/л;Пшеница, Ячмень, Кукуруза;540 ₽/л;10 л × 2;НПК Химия — Кирасир, СЭ.png
41;Гербициды;Гербициды;Клео, ВДГ;;клопиралид 750 г/кг;Рапс, Свёкла, Лён;4050 ₽/кг;1 кг × 10;
42;Гербициды;Гербициды;Клордин, КЭ;;кломазон 480 г/л;Соя;1065 ₽/л;5 л × 4;НПК Химия — Клордин, КЭ.png
43;Гербициды;Гербициды;Курсар, ВР;;имазамокс 40 г/л;Соя, Горох;880 ₽/л;5 л × 4;НПК Химия — Курсар, ВР.png
44;Гербициды;Гербициды;Метолс, КЭ;;С-метолахлор 960 г/л;Рапс, Подсолнечник, Соя, Кукуруза, Свёкла;1150 ₽/л;5 л × 4;НПК Химия — Метолс, КЭ.png
45;Гербициды;Гербициды;Поллукс, ЭМВ;;феноксапроп-П-этил 69 г/л + антидот клоквинтосет-мексил 34,5 г/л;Пшеница, Ячмень;745 ₽/л;10 л × 2;НПК Химия — Поллукс, ЭМВ.png
46;Гербициды;Гербициды;Спика, КЭ;;галоксифоп-П-метил 108 г/л;Рапс, Подсолнечник, Соя;850 ₽/л;"5 л × 4; 10 л × 2";НПК Химия — Спика, КЭ.png
47;Гербициды;Гербициды;Тифилагро, ВДГ;;тифенсульфурон-метил 750 г/л;Пшеница, Ячмень, Соя, Кукуруза, Лён;5625 ₽/кг;0,1 кг × 100;
48;Гербициды;Гербициды;Торпеда, ВДГ;;тифенсульфурон-метил 500 г/кг + флорасулам 170 г/кг;Пшеница, Ячмень, Кукуруза;Цена по запросу;0,5 кг;НПК Химия — Торпеда, ВДГ.png
49;Гербициды;Гербициды;Укротитель, КЭ;;феноксапроп-П-этил 100 г/л + антидот клоквинтосет-мексил 27 г/л;Пшеница;800 ₽/л;"5 л × 4; 10 л × 2";НПК Химия — Укротитель, КЭ.png
50;Гербициды;Гербициды;Царумин, ВК;;МЦПА (диметиламинная + натриевая + калиевая соль) 500 г/л;Пшеница, Ячмень, Картофель, Горох, Лён;880 ₽/л;10 л × 2;
51;Гербициды;Гербициды;Челленджер, ВРК;;имазамокс 33 г/л + имазапир 15 г/л;Подсолнечник;945 ₽/л;"5 л × 4; 10 л × 2";
52;Удобрения и листовые подкормки;Удобрения;FERTIKA Листовое Старт 13-40-13;Фертика;Фертика · удобрения;Пшеница, Ячмень, Рапс, Подсолнечник, Кукуруза, Картофель;от 227 ₽/кг;25 кг;FERTIKA — Листовое Старт 13-40-13.png
53;Удобрения и листовые подкормки;Удобрения;FERTIKA Листовое 18-18-18;Фертика;Фертика · удобрения;Пшеница, Ячмень, Рапс, Подсолнечник, Кукуруза, Картофель;от 202 ₽/кг;25 кг;FERTIKA — Листовое 18-18-18.png
54;Удобрения и листовые подкормки;Удобрения;FERTIKA Листовое 10-5-40;Фертика;Фертика · удобрения;Пшеница, Ячмень, Картофель, Овощи;от 222 ₽/кг;25 кг;FERTIKA — Листовое 10-5-40.png
55;Удобрения и листовые подкормки;Удобрения;FERTIKA Листовое 4-13-36;Фертика;Фертика · удобрения;Пшеница, Ячмень, Картофель, Свёкла, Овощи;от 232 ₽/кг;25 кг;FERTIKA — Листовое 4-13-36.png
56;Удобрения и листовые подкормки;Удобрения;FERTIKA Плюс 6,4-11-31;Фертика;Фертика · удобрения;Овощи;от 225 ₽/кг;25 кг;FERTIKA — Плюс 6,4-11-31.png
57;Удобрения и листовые подкормки;Удобрения;FERTIKA Листовое 19-6-20;Фертика;Фертика · удобрения;Пшеница, Ячмень, Рапс, Овощи;от 196 ₽/кг;25 кг;FERTIKA — Листовое 19-6-20.png
58;Удобрения и листовые подкормки;Удобрения;FERTIKA Плюс 12-11-26;Фертика;Фертика · удобрения;Пшеница, Ячмень, Подсолнечник, Овощи;от 207 ₽/кг;25 кг;FERTIKA — Плюс 12-11-26.png
59;Удобрения и листовые подкормки;Удобрения;FERTIKA Плюс 16-20-27;Фертика;Фертика · удобрения;Овощи;от 203 ₽/кг;25 кг;FERTIKA — Плюс 16-20-27.png
60;Удобрения и листовые подкормки;Удобрения;FERTIKA Универсал-2 NPK 12-8-14;Фертика;Фертика · удобрения;Картофель, Овощи;от 112 ₽/кг;800 кг;FERTIKA — Универсал-2 NPK 12-8-14.png
61;Удобрения и листовые подкормки;Удобрения;FERTIKA Газонное Весна-Лето NPK 11-12-26;Фертика;Фертика · удобрения;;от 96 ₽/кг;800 кг;FERTIKA — Газонное Весна-Лето NPK 11-12-26.png
62;Удобрения и листовые подкормки;Удобрения;FERTIKA Осеннее NPK 5-21-31;Фертика;Фертика · удобрения;Все культуры;от 106 ₽/кг;800 кг;FERTIKA — Осеннее NPK 5-21-31.png
63;Удобрения и листовые подкормки;Удобрения;FERTIKA Хвойное для вечнозелёных Весна-Лето NPK 10-7-14;Фертика;Фертика · удобрения;;Цена по запросу;800 кг, 40 кг;FERTIKA — Хвойное для вечнозелёных NPK 10-7-14.png
64;Удобрения и листовые подкормки;Удобрения;FERTIKA Картофельное-5 NPK 11-9-16;Фертика;Фертика · удобрения;Картофель;от 110 ₽/кг;800 кг;FERTIKA — Картофельное-5 NPK 10,7-8,7-16.png
65;Удобрения и листовые подкормки;Удобрения;FERTIKA Эко Калий;Фертика;Фертика · удобрения;Пшеница, Ячмень, Рапс, Подсолнечник, Кукуруза, Картофель;от 48 ₽/кг (МКР) · 54 ₽/кг (25 кг);МКР / 25 кг;FERTIKA — Эко Калий K2O-37 S Mg.png
66;Удобрения и листовые подкормки;Удобрения;FERTIKA Сульфат калия;Фертика;Фертика · удобрения;Овощи;от 103 ₽/кг (МКР 1000 кг) · 108 ₽/кг (мешки 35 кг);МКР 1000 кг / мешки 35 кг;FERTIKA — Сульфат калия K2O-50 S.png
67;Удобрения и листовые подкормки;Удобрения;Relict Макро N Mg+;Реликт;Реликт · удобрения;Все культуры;Цена по запросу;;
68;Удобрения и листовые подкормки;Удобрения;Relict Макро PK;Реликт;Реликт · удобрения;Все культуры;Цена по запросу;;
69;Удобрения и листовые подкормки;Удобрения;FERTIKA Газонное. Осень;Фертика;Фертика · удобрения;;от 97 ₽/кг;водорастворимые гранулы, 800 кг;
70;Удобрения и листовые подкормки;Листовые подкормки;Микроэл Универсальный;Волски Биохим;Волски Биохим · листовые подкормки;Пшеница, Ячмень, Подсолнечник, Кукуруза, Картофель, Свёкла;от 595 ₽/л;;Волски Биохим — Микроэл.png
71;Удобрения и листовые подкормки;Листовые подкормки;Микроэл Пивоваренный ячмень;Волски Биохим;Волски Биохим · листовые подкормки;Ячмень;Цена по запросу;канистра 10 л;
72;Удобрения и листовые подкормки;Листовые подкормки;Страда N;Волски Биохим;Волски Биохим · листовые подкормки;Пшеница, Ячмень, Подсолнечник, Кукуруза, Картофель, Свёкла;от 315 ₽/л;;Волски Биохим — Страда N.png
73;Удобрения и листовые подкормки;Листовые подкормки;Страда P;Волски Биохим;Волски Биохим · листовые подкормки;Пшеница, Ячмень, Подсолнечник, Кукуруза, Картофель, Свёкла;от 535 ₽/л;;Волски Биохим — Страда P.png
74;Удобрения и листовые подкормки;Листовые подкормки;Страда K;Волски Биохим;Волски Биохим · листовые подкормки;Подсолнечник, Кукуруза, Картофель, Свёкла;от 315 ₽/л;;Волски Биохим — Страда К.png
75;Удобрения и листовые подкормки;Листовые подкормки;Волски Моно-Сера;Волски Биохим;Волски Биохим · листовые подкормки;Пшеница, Ячмень, Рапс, Соя, Горох;от 450 ₽/л;канистра 10 л;Волски Биохим — Моно-Сера.png
76;Удобрения и листовые подкормки;Листовые подкормки;Волски Моно-Бор;Волски Биохим;Волски Биохим · листовые подкормки;Рапс, Подсолнечник, Соя, Картофель, Свёкла, Горох;от 635 ₽/л;канистра 10 л;Волски Биохим — Моно-Бор.png
77;Удобрения и листовые подкормки;Листовые подкормки;Волски Моно-Цинк;Волски Биохим;Волски Биохим · листовые подкормки;Кукуруза;от 500 ₽/л;канистра 10 л;Волски Биохим — Моно-Цинк.png
78;Удобрения и листовые подкормки;Листовые подкормки;Волски Моно-Железо;Волски Биохим;Волски Биохим · листовые подкормки;Пшеница, Ячмень, Овощи;от 400 ₽/л;канистра 10 л;Волски Биохим — Моно-Железо.png
79;Удобрения и листовые подкормки;Листовые подкормки;Волски Моно-Медь;Волски Биохим;Волски Биохим · листовые подкормки;Все культуры;от 545 ₽/л;канистра 10 л;Волски Биохим — Моно-Медь.png
80;Удобрения и листовые подкормки;Листовые подкормки;Диформа Бор-Молибден;Волски Биохим;Волски Биохим · листовые подкормки;Соя, Горох, Лён;от 1470 ₽/л;;Волски Биохим — Диформа Бор-Молибден.png
81;Удобрения и листовые подкормки;Листовые подкормки;Диформа Кальций-Азот;Волски Биохим;Волски Биохим · листовые подкормки;Картофель, Овощи;от 685 ₽/л;;Волски Биохим — Диформа Кальций-Азот.png
82;Удобрения и листовые подкормки;Листовые подкормки;Диформа Магний-Цинк;Волски Биохим;Волски Биохим · листовые подкормки;Кукуруза, Картофель, Свёкла, Овощи;от 670 ₽/л;;Волски Биохим — Диформа Магний-Цинк.png
83;Удобрения и листовые подкормки;Листовые подкормки;Диформа Магний-Марганец;Волски Биохим;Волски Биохим · листовые подкормки;Кукуруза, Свёкла;от 455 ₽/л;;Волски Биохим — Диформа Магний-Марганец.png
84;Удобрения и листовые подкормки;Листовые подкормки;Диформа Марганец-Цинк;Волски Биохим;Волски Биохим · листовые подкормки;Кукуруза, Картофель, Свёкла, Овощи;от 510 ₽/л;;Волски Биохим — Диформа Марганец-Цинк.png
85;Удобрения и листовые подкормки;Листовые подкормки;Диформа Марганец-Бор;Волски Биохим;Волски Биохим · листовые подкормки;Подсолнечник, Картофель, Свёкла, Овощи;Цена по запросу;;Волски Биохим — Диформа Марганец-Бор.png
86;Удобрения и листовые подкормки;Листовые подкормки;Диформа Кремний-Калий;Волски Биохим;Волски Биохим · листовые подкормки;Пшеница, Ячмень, Овощи;от 800 ₽/л;;Волски Биохим — Диформа Кремний-Калий.png
87;Удобрения и листовые подкормки;Листовые подкормки;Диформа Кобальт-Селен;Волски Биохим;Волски Биохим · листовые подкормки;;от 1245 ₽/л;;Волски Биохим — Диформа Кобальт-Селен.png
88;Удобрения и листовые подкормки;Листовые подкормки;Реликт Р;Реликт;Реликт · листовые подкормки;Все культуры;от 615 ₽;;Реликт ДВ — Реликт Р — для растений.png
89;Удобрения и листовые подкормки;Листовые подкормки;Реликт М Молибден;Реликт;Реликт · листовые подкормки;Все культуры;от 1340 ₽;раствор;Реликт ДВ — Реликт М — молибден.png
90;Удобрения и листовые подкормки;Листовые подкормки;Реликт М Сера;Реликт;Реликт · листовые подкормки;Пшеница, Ячмень, Рапс, Соя;от 730 ₽;раствор;Реликт ДВ — Реликт М — сера.png
91;Удобрения и листовые подкормки;Листовые подкормки;Реликт М Бор;Реликт;Реликт · листовые подкормки;Все культуры;от 765 ₽;раствор;Реликт ДВ — Реликт М — бор.png
92;Удобрения и листовые подкормки;Листовые подкормки;Реликт М Цинк;Реликт;Реликт · листовые подкормки;Все культуры;от 695 ₽;раствор;Реликт ДВ — Реликт М — цинк.png
93;Удобрения и листовые подкормки;Листовые подкормки;Реликт М Кремний;Реликт;Реликт · листовые подкормки;Все культуры;от 470 ₽;раствор;Реликт ДВ — Реликт М — кремний.png
94;Удобрения и листовые подкормки;Листовые подкормки;Волски Аминатор;Волски Биохим;Волски Биохим · листовые подкормки;;от 900 ₽;раствор;
95;Фунгициды;Фунгициды;Атлант Супер;;пропиконазол 250 г/л + ципроконазол 80 г/л;Пшеница, Свёкла;Цена по запросу;5 л × 4;
96;Фунгициды;Фунгициды;Гранберг Про, КЭ;;пропиконазол 300 г/л + тебуконазол 200 г/л;Пшеница, Ячмень, Рапс, Соя, Свёкла;1562,5 ₽/л;10 л × 2;
97;Фунгициды;Фунгициды;Гранберг, КЭ;;тебуконазол 250 г/л;Пшеница, Ячмень, Рапс;1417,5 ₽/л;10 л × 2;
98;Инсектициды;Инсектициды;Альфацин, КЭ;;альфа-циперметрин 100 г/л;Пшеница, Ячмень, Рапс, Картофель, Свёкла, Горох;510 ₽/л;"5 л × 4; 10 л × 2";НПК Химия — Альфацин, КЭ.png
99;Инсектициды;Инсектициды;Гарпун, КС;;ацетамиприд 115 г/л + лямбда-цигалотрин 106 г/л;Пшеница, Ячмень, Рапс, Соя, Свёкла, Горох;1150 ₽/л;5 л × 4;НПК Химия — Гарпун, КС.png
100;Инсектициды;Инсектициды;Кастра, КС;;клотианидин 140 г/л + лямбда-цигалотрин 100 г/л;Пшеница, Ячмень, Рапс, Соя;1125 ₽/л;5 л × 4;НПК Химия — Кастра, КС.png
101;Инсектициды;Инсектициды;Ранголи Норил, КЭ;;клотианидин 140 г/л + лямбда-цигалотрин 100 г/л;Пшеница, Ячмень, Рапс;1040 ₽/л;"5 л × 4; 10 л × 2";Ранголи — Ранголи Норил, КЭ.png
102;Десиканты;Десиканты;Ранголи-Реголон, ВР;;дикват дибромид 150 г/л (пересчёт на дикват-ион 80,3 г/л);Подсолнечник;392 ₽/л;10 л × 2;Ранголи — Ранголи-Реголон, ВР.png
103;Десиканты;Десиканты;Ригель Форте, ВР;;дикват дибромид 240 г/л (пересчёт на дикват-ион 128 г/л);Рапс, Подсолнечник, Соя, Картофель, Горох;540 ₽/л;10 л × 2;НПК Химия — Ригель Форте, ВР.png
104;Адъюванты;Адъюванты;Волски Оптим;;рН-корректор рабочего раствора;;от 700 ₽ (рассрочка 735 ₽);;Волски Биохим — Корректор рН «ВОЛСКИ ОПТИМ».png
105;Адъюванты;Адъюванты;Биостик Терра;;Биоклей для гороха, сои, чечевицы, рапса, льна, горчицы;;от 635 ₽ (рассрочка 730 ₽);;
106;Адъюванты;Адъюванты;Вега 90, Ж;;ПАВ-адъювант для совместного применения с эмульсионными гербицидами;;от 220 ₽ (рассрочка 253 ₽);;НПК Химия — Вега 90, Ж.png
107;Адъюванты;Адъюванты;Вега АнтиПена, КЭ;;Пеногаситель для баковых смесей пестицидов;;Цена по запросу;;НПК Химия — Вега АнтиПена, КЭ.png
108;Адъюванты;Адъюванты;Вега Баланс, ВР;;Кондиционер и смягчитель воды под физиологически кислые пестициды;;Цена по запросу;;НПК Химия — Вега Баланс, ВР.png
109;Адъюванты;Адъюванты;Вега Голд, Ж;;Кремнийорганический ПАВ-адъювант, суперсмачиватель;;от 1350 ₽ (рассрочка 1552,5 ₽);;НПК Химия — Вега Голд, Ж.png
110;Адъюванты;Адъюванты;Вега Клей;;Клей для крестоцветных и зернобобовых — против опадения и потери зерна;;Цена по запросу;;
111;Адъюванты;Адъюванты;Вега Турбо;;Чистящее средство для промывки опрыскивающего оборудования;;от 426 ₽ (рассрочка 490 ₽);;НПК Химия — Вега Турбо.png
112;Адъюванты;Адъюванты;Вега Эмульс, КЭ;;ПАВ-адъювант для повышения эффективности СЗР;;Цена по запросу;;НПК Химия — Вега Эмульс, КЭ.png
