SKU;External ID;Brand;Category;Title;Description;Text;Photo;Price;Characteristics:Культура;Characteristics:Состав;Characteristics:Действующее вещество;Characteristics:Действие;Characteristics:Спектр действия;Characteristics:Норма расхода;Characteristics:Культуры и фазы;Characteristics:Фасовка;Characteristics:Физико-химические показатели;Characteristics:Тип;Characteristics:Оригинатор;Characteristics:Спелость;Characteristics:Вегетационный период;Characteristics:Урожайность;Characteristics:Качество
novosel-cl;novosel-cl;;"Семена;Гибриды";Новосёл CL;Рапс яровой · гибрид F1;Высокоурожайный и высокомасличный среднеранний гибрид 00 типа, безэруковый, низкоглюкозинолатный. Под систему Clearfield. Устойчив к полеганию и осыпанию, отзывчив на удобрения;https://raw.githubusercontent.com/fagencymarketing-coder/Saturnphoto/main/tilda-photos/novosel-cl.jpg;;Рапс;;;;;;;;;гибрид F1;;среднеранний;100 дней;12,5–15 ц/га (+11% к стандарту);масличность 43–46%, выход масла 6,6–9,4 ц/га
ampir-10-express;ampir-10-express;;"Семена;Гибриды";Ampir 10 Express;Подсолнечник · гибрид F1;Гибрид нового поколения под технологию ExpressSun. Высокая устойчивость к фомопсису, склеротинии и ЛМР;https://raw.githubusercontent.com/fagencymarketing-coder/Saturnphoto/main/tilda-photos/ampir-10-express.jpg;;Подсолнечник;;;;;;;;;гибрид F1;;раннеспелый или среднеспелый — уточнить;90–110 или 110–120 дней — уточнить;потенциал 5,6 т/га;масличность 50–53%, масса 1000 семян 46 г
ampir-25-express;ampir-25-express;;"Семена;Гибриды";Ampir 25 Express;Подсолнечник · гибрид F1;Гибрид нового поколения под технологию ExpressSun. Высокая устойчивость к фомопсису, склеротинии и ЛМР;https://raw.githubusercontent.com/fagencymarketing-coder/Saturnphoto/main/tilda-photos/ampir-25-express.jpg;;Подсолнечник;;;;;;;;;гибрид F1;;раннеспелый или среднеспелый — уточнить;90–110 или 110–120 дней — уточнить;потенциал 5,6 т/га;масличность 50–53%, масса 1000 семян 46 г
skipetr;skipetr;КФХ «Приволье-1», Полетаев Г.М., ООО «ЭкоНива-Семена»;"Семена;Сорта";Скипетр;Пшеница озимая · ЭС;Среднеспелый, низкорослый сорт мягкой озимой пшеницы, устойчив к полеганию;https://raw.githubusercontent.com/fagencymarketing-coder/Saturnphoto/main/tilda-photos/skipetr.jpg;;Пшеница;;;;;;;;;ЭС;КФХ «Приволье-1», Полетаев Г.М., ООО «ЭкоНива-Семена»;среднеспелый;297–338 дней;средняя 32,5 ц/га, максимальная 71,3 ц/га;"ценная; белок 12,3–15,6%, клейковина 22,1–30,8%, масса 1000 зёрен 38–49 г"
soberbash;soberbash;ФГБНУ «НЦЗ им. П.П. Лукьяненко»;"Семена;Сорта";Собербаш;Пшеница озимая · ЭС, РС 1;Среднеспелый, среднерослый сорт мягкой озимой пшеницы, устойчив к полеганию. Для хлебопекарного производства;https://raw.githubusercontent.com/fagencymarketing-coder/Saturnphoto/main/tilda-photos/soberbash.jpg;;Пшеница;;;;;;;;;ЭС, РС 1;ФГБНУ «НЦЗ им. П.П. Лукьяненко»;среднеспелый;216–308 дней;средняя 68,1 ц/га (ЦЧР), максимальная 119 ц/га;"ценная; масса 1000 зёрен 42–51 г"
lgovskaya-4;lgovskaya-4;Льговская опытно-селекционная станция;"Семена;Сорта";Льговская 4;Пшеница озимая · ЭС;Короткостебельный, высокоадаптивный сорт интенсивного типа с повышенной зимо- и морозостойкостью. Устойчив к полеганию;https://raw.githubusercontent.com/fagencymarketing-coder/Saturnphoto/main/tilda-photos/lgovskaya-4.jpg;;Пшеница;;;;;;;;;ЭС;Льговская опытно-селекционная станция;среднеспелый;;максимальная 105 ц/га;масса 1000 зёрен 48,5 г
priirtyshskaya-2;priirtyshskaya-2;ФГБНУ «Омский АНЦ»;"Семена;Сорта";Прииртышская 2;Пшеница озимая · ЭС;Озимая мягкая пшеница сибирской селекции. Устойчива к осыпанию, полеганию и засухе, зимостойкость 73%;https://raw.githubusercontent.com/fagencymarketing-coder/Saturnphoto/main/tilda-photos/priirtyshskaya-2.jpg;;Пшеница;;;;;;;;;ЭС;ФГБНУ «Омский АНЦ»;;335 суток;средняя 59,4 ц/га, максимальная 69,0 ц/га;"ценная; белок 14,0%, клейковина 28,2%, масса 1000 зёрен 43,3 г"
kvs-akvilon;kvs-akvilon;KWS;"Семена;Сорта";КВС Аквилон;Пшеница яровая · РС 1;Сбалансированное сочетание высокой урожайности, устойчивости к болезням и качества зерна;https://raw.githubusercontent.com/fagencymarketing-coder/Saturnphoto/main/tilda-photos/kvs-akvilon.jpg;;Пшеница;;;;;;;;;РС 1;KWS;среднеспелый;76–84 дня;потенциал 90 ц/га, по ГСИ 54,2 ц/га;"ценная (1–2 класс); белок 14–16%, клейковина 28–30%, масса 1000 зёрен 32–37 г, натура 750–820 г/л"
kvs-buran;kvs-buran;KWS;"Семена;Сорта";КВС Буран;Пшеница яровая · РС 1;Высокая урожайность при сбалансированной устойчивости и качестве зерна. Мощный колос и высокая масса 1000 зёрен;https://raw.githubusercontent.com/fagencymarketing-coder/Saturnphoto/main/tilda-photos/kvs-buran.jpg;;Пшеница;;;;;;;;;РС 1;KWS;;77–86 дней;потенциал 95 ц/га, по ГСИ 67,0 ц/га;белок 13,3%, клейковина 28–30%, масса 1000 зёрен 39–45 г, натура 785–805 г/л, стекловидность 81%
gonets;gonets;ФГБНУ «ФАНЦА»;"Семена;Сорта";Гонец;Пшеница яровая · ЭС;Среднепоздний, низкорослый сорт мягкой яровой пшеницы. Устойчив к полеганию, пыльной головне и бурой ржавчине;https://raw.githubusercontent.com/fagencymarketing-coder/Saturnphoto/main/tilda-photos/gonets.jpg;;Пшеница;;;;;;;;;ЭС;ФГБНУ «ФАНЦА»;среднепоздний;81–93 дня;средняя 38,0 ц/га (Западная Сибирь), максимальная 84,2 ц/га;"ценная; масса 1000 зёрен 35–48 г"
yunion;yunion;ФГБНУ ФАНЦА (Барнаул);"Семена;Сорта";Юнион;Пшеница яровая · ЭС;Короткостебельный сорт мягкой яровой пшеницы алтайской селекции;https://raw.githubusercontent.com/fagencymarketing-coder/Saturnphoto/main/tilda-photos/yunion.jpg;;Пшеница;;;;;;;;;ЭС;ФГБНУ ФАНЦА (Барнаул);;;;
altayskiy-22;altayskiy-22;ФГБНУ ФАНЦА (Барнаул);"Семена;Сорта";Алтайский 22;Ячмень яровой · ЭС;Ячмень пивоваренного направления, создан ФАНЦА в рамках нацпроекта после 2021 года;https://raw.githubusercontent.com/fagencymarketing-coder/Saturnphoto/main/tilda-photos/altayskiy-22.jpg;;Ячмень;;;;;;;;;ЭС;ФГБНУ ФАНЦА (Барнаул);;;;пивоваренный
kvs-dzhessi;kvs-dzhessi;KWS;"Семена;Сорта";КВС Джесси;Ячмень яровой · РС 1;Среднеранний сорт двойного назначения с высоким потенциалом урожайности и превосходными пивоваренными характеристиками;https://raw.githubusercontent.com/fagencymarketing-coder/Saturnphoto/main/tilda-photos/kvs-dzhessi.jpg;;Ячмень;;;;;;;;;РС 1;KWS;раннеспелый;74–82 дня;потенциал до 110 ц/га;"пивоваренный; белок 10–11%, масса 1000 зёрен 41–53 г"
kvs-hobbs;kvs-hobbs;KWS;"Семена;Сорта";КВС Хоббс;Ячмень яровой · РС 1;Пивоваренный ячмень, отлично подходящий для производства светлых типов солода;https://raw.githubusercontent.com/fagencymarketing-coder/Saturnphoto/main/tilda-photos/kvs-hobbs.jpg;;Ячмень;;;;;;;;;РС 1;KWS;среднеспелый;76–88 дней;потенциал 120 ц/га, максимальная по ГСИ 108 ц/га;"пивоваренный; белок 10–11%, масса 1000 зёрен 47–55 г"
zolotistaya;zolotistaya;ФГБНУ «Омский АНЦ»;"Семена;Сорта";Золотистая;Соя · ЭС;Раннеспелый. Растение индетерминантного типа, средней высоты. Устойчив к засухе;https://raw.githubusercontent.com/fagencymarketing-coder/Saturnphoto/main/tilda-photos/zolotistaya.jpg;;Соя;;;;;;;;;ЭС;ФГБНУ «Омский АНЦ»;раннеспелый;;средняя 17,0 ц/га, максимальная 38,1 ц/га;белок 30,0–39,5%, жир 16,5–23,9%, масса 1000 семян 123–176 г
sibiriada;sibiriada;ФГБНУ «Омский АНЦ»;"Семена;Сорта";Сибириада;Соя · ЭС;Раннеспелый сорт. Рекомендован для Новосибирской, Омской областей и Красноярского края. Устойчив к засухе;https://raw.githubusercontent.com/fagencymarketing-coder/Saturnphoto/main/tilda-photos/sibiriada.jpg;;Соя;;;;;;;;;ЭС;ФГБНУ «Омский АНЦ»;раннеспелый;97 дней;средняя 14,3 ц/га, максимальная 39,7 ц/га;белок 35,2%, жир 20,25%, масса 1000 семян 131,6 г
sibiriada-20;sibiriada-20;ФГБНУ «Омский АНЦ»;"Семена;Сорта";Сибириада 20;Соя · ЭС;Скороспелый сорт с высоким прикреплением нижних бобов и повышенной масличностью. Бобы устойчивы к растрескиванию;https://raw.githubusercontent.com/fagencymarketing-coder/Saturnphoto/main/tilda-photos/sibiriada-20.jpg;;Соя;;;;;;;;;ЭС;ФГБНУ «Омский АНЦ»;скороспелый;88–108 суток;средняя 35,2 ц/га, максимальная 44,6 ц/га;белок 37,7%, жир 18,76%, масса 1000 семян 160–209 г
sentyabrinka;sentyabrinka;ФНЦ «ВНИИ сои»;"Семена;Сорта";Сентябринка;Соя · ЭС;Раннеспелый, среднерослый сорт индетерминантного типа, семена жёлто-зелёные;https://raw.githubusercontent.com/fagencymarketing-coder/Saturnphoto/main/tilda-photos/sentyabrinka.jpg;;Соя;;;;;;;;;ЭС;ФНЦ «ВНИИ сои»;раннеспелый;87–107 дней;средняя 20,8 ц/га, максимальная 31 ц/га;белок 40,92%, жир 18,68%, масса 1000 семян 162 г
topaz;topaz;ФНЦ «ВНИИ сои»;"Семена;Сорта";Топаз;Соя · ЭС;Индетерминантный, низко-среднерослый сорт, семена жёлтые;https://raw.githubusercontent.com/fagencymarketing-coder/Saturnphoto/main/tilda-photos/topaz.jpg;;Соя;;;;;;;;;ЭС;ФНЦ «ВНИИ сои»;очень ранний — ранний;89–102 дня;средняя 16,7 ц/га, максимальная 24,3 ц/га;белок 39,93%, жир 20,50%, масса 1000 семян 172,3 г
cheremshanka;cheremshanka;ФГБНУ «Омский АНЦ»;"Семена;Сорта";Черемшанка;Соя · ЭС;Скороспелый сорт, устойчив к бактериозу. Высота прикрепления нижнего боба 14,5 см;https://raw.githubusercontent.com/fagencymarketing-coder/Saturnphoto/main/tilda-photos/cheremshanka.jpg;;Соя;;;;;;;;;ЭС;ФГБНУ «Омский АНЦ»;ультраранний;85–90 дней;потенциальная 39,3 ц/га;белок 39,6%, жир 18,9%, масса 1000 семян 131–172 г
kvs-bagu;kvs-bagu;KWS;"Семена;Сорта";КВС Багу;Горох посевной · РС 1;Среднерослый сорт с оптимальным расположением бобов к уборке. Лидирующий горох KWS в мире;https://raw.githubusercontent.com/fagencymarketing-coder/Saturnphoto/main/tilda-photos/kvs-bagu.jpg;;Горох;;;;;;;;;РС 1;KWS;;67–85 дней;по ГСИ 46–52 ц/га, максимальная 55 ц/га;белок 23,3–24,8%, масса 1000 зёрен 175–230 г
bonus-2;bonus-2;ФГБНУ «Омский АНЦ»;"Семена;Сорта";Бонус 2;Горох посевной · ЭС;Усатый сорт с укороченным стеблем и ограниченным типом роста. Устойчив к полеганию, семена не осыпаются, бобы формируются в верхней части растения — убирается прямым комбайнированием;https://raw.githubusercontent.com/fagencymarketing-coder/Saturnphoto/main/tilda-photos/bonus-2.jpg;;Горох;;;;;;;;;ЭС;ФГБНУ «Омский АНЦ»;среднеспелый;70–80 суток;2,66–4,82 т/га в конкурсном испытании, максимальная 4,82 т/га;белок 23,1–26,8%, масса 1000 семян 245–270 г, выравненность 93,6%
dasha;dasha;ФНЦ ЗБК, Орловский ГАУ;"Семена;Сорта";Даша;Гречиха · ЭС;Детерминантный тип роста. Устойчивость к полеганию, осыпанию и засухе выше средней. Слабо поражается болезнями;https://raw.githubusercontent.com/fagencymarketing-coder/Saturnphoto/main/tilda-photos/dasha.jpg;;Гречиха;;;;;;;;;ЭС;ФНЦ ЗБК, Орловский ГАУ;среднеспелый;74–105 дней;средняя 20,0 ц/га (Западная Сибирь), максимальная 37,5 ц/га;"технологические и кулинарные качества высокие; масса 1000 зёрен 25–38 г"
diana;diana;ФНЦ ЗБК;"Семена;Сорта";Диана;Гречиха · ЭС;Ценный по качеству зерна. Технологические и кулинарные качества высокие;https://raw.githubusercontent.com/fagencymarketing-coder/Saturnphoto/main/tilda-photos/diana.jpg;;Гречиха;;;;;;;;;ЭС;ФНЦ ЗБК;среднеспелый;80–101 день;средняя 19,7 ц/га (Восточная Сибирь), максимальная 43,0 ц/га;"ценная по качеству; масса 1000 зёрен 28–38 г"
innovator;innovator;HZPC Holland B.V., ФИЦ картофеля им. А.Г. Лорха;"Семена;Сорта";Инноватор;Картофель · ЭС;Столового назначения, для жарки во фритюре. Пригоден для длительного хранения;https://raw.githubusercontent.com/fagencymarketing-coder/Saturnphoto/main/tilda-photos/innovator.jpg;;Картофель;;;;;;;;;ЭС;HZPC Holland B.V., ФИЦ картофеля им. А.Г. Лорха;среднеранний;75–85 суток;средняя 155–329 ц/га, максимальная 344 ц/га;крахмал 12–15%, товарность 82–96%, масса клубня 83–147 г, лёжкость 95%
mikromak;mikromak;Волски Биохим;"Обработка семян и протравители;Обработка семян";Микромак;Волски Биохим · обработка семян;Комплексное микроудобрение для обработки семян, повышения всхожести и развития корней.<br><br>Цена: от 585 ₽. При 100% предоплате, доставка и хранение включены.;https://raw.githubusercontent.com/fagencymarketing-coder/Saturnphoto/main/tilda-photos/mikromak.png;585;Все культуры;17 элементов питания: 5 макро- и 12 микроэлементов в хелатной форме (в т.ч. ванадий — катализатор азотфиксации). 23 индивидуальных состава под конкретные культуры;;;;"Семена 2 л/т (1 л состава А + 1 л состава Б), рабочий раствор 10 л/т; клубни 0,5 л/т, рабочий раствор 30 л/т";Обработка семян всех полевых культур;;Плотность 1,3 г/см³;;;;;;
ekomak;ekomak;Волски Биохим;"Обработка семян и протравители;Обработка семян";Экомак;Волски Биохим · обработка семян;Стартовое микроудобрение для обработки семян и повышения устойчивости всходов.<br><br>Цена: от 700 ₽. При 100% предоплате, доставка и хранение включены.;https://raw.githubusercontent.com/fagencymarketing-coder/Saturnphoto/main/tilda-photos/ekomak.png;700;Все культуры;"N 2,4 · P2O5 0,61 · K2O 1,77 · MgO 0,97 · SO3 4,9 · Fe 0,35 · Mn 0,58 · B 0,35 · Zn 0,98 · Cu 0,97 · Mo 0,09 · Co 0,18 (% мас.); микро — хелат ОЭДФ. 12 элементов + полимерные прилипатели";;;;"Семена 0,5 л/т (рабочий раствор 10 л/т); клубни 0,2 л/т (рабочий раствор 30 л/т)";Предпосевная обработка семян и клубней;;Плотность 1,2 г/см³;;;;;;
relikt-r-start-protravitel;relikt-r-start-protravitel;Реликт;"Обработка семян и протравители;Обработка семян";Реликт Р Старт (протравитель);Реликт · обработка семян;Гуминовый препарат с микроэлементами и Bacillus для предпосевной обработки семян.<br><br>Цена: от 735 ₽. При 100% предоплате, доставка и хранение включены.;;735;Пшеница, Ячмень, Картофель;Гуминовые и фульвокислоты 4–6% · хелатные микроэлементы (Mg, Fe, Mn, Cu, Zn) ≥0,4% · консорциум 4 штаммов рода Bacillus, титр ≥1×10⁷;;;;"Предпосевная обработка семян зерновых колосовых, обработка клубней и посадочного материала; возможны листовые обработки в вегетацию";Пшеница, ячмень, рожь, картофель. Пролонгированная защита от корневых гнилей злаковых и ризоктониоза картофеля;;;;;;;;
anker-trio-ks;anker-trio-ks;;"Обработка семян и протравители;Протравители";Анкер Трио, КС;тиабендазол 60 г/л + тебуконазол 60 г/л + имазалил 40 г/л;Цена: 1475 ₽. При 100% предоплате, доставка и хранение включены.;;1475;Пшеница, Ячмень;;тиабендазол 60 г/л + тебуконазол 60 г/л + имазалил 40 г/л;;Твёрдая и пыльная головня, фузариозная и гельминтоспориозная корневые гнили, плесневение семян;0,4–0,5 л (кг)/га;Пшеница яровая/озимая, ячмень яровой/озимый;5 л × 4;;;;;;;
tiara-ks;tiara-ks;;"Обработка семян и протравители;Протравители";Тиара, КС;тиаметоксам 350 г/л;Цена: 945 ₽. При 100% предоплате, доставка и хранение включены.;;945;Пшеница, Ячмень;;тиаметоксам 350 г/л;;Хлебная жужелица, внутристеблевые мухи, блошки, тли, цикадки;0,5–1 л (кг)/га;Пшеница яровая/озимая, ячмень яровой/озимый;5 л × 4;;;;;;;
til-pro-ks;til-pro-ks;;"Обработка семян и протравители;Протравители";Тиль Про, КС;тиаметоксам 350 г/л;;https://raw.githubusercontent.com/fagencymarketing-coder/Saturnphoto/main/tilda-photos/til-pro-ks.png;;Пшеница, Ячмень, Рапс, Подсолнечник, Соя, Кукуруза, Горох;;тиаметоксам 350 г/л;;Хлебная жужелица, внутристеблевые мухи, блошки, тли, цикадки, проволочник, клубеньковый долгоносик;0,5–9 л (кг)/га;Пшеница яровая/озимая, ячмень яровой/озимый, рожь озимая, подсолнечник, кукуруза, горох, соя, рапс;5 л × 4;;;;;;;
toreador-maksi-ks;toreador-maksi-ks;;"Обработка семян и протравители;Протравители";Тореадор Макси, КС;имидаклоприд 600 г/л;Цена: 1760 ₽. При 100% предоплате, доставка и хранение включены.;;1760;Пшеница, Ячмень, Рапс, Подсолнечник, Кукуруза;;имидаклоприд 600 г/л;;Проволочники и ложнопроволочники, внутристеблевые мухи, крестоцветные блошки, хлебная жужелица;0,3–12 л (кг)/га;Пшеница яровая/озимая, ячмень, рапс, кукуруза, подсолнечник;5 л × 4;;;;;;;
alfard-vr;alfard-vr;;Гербициды;Альфард, ВР;фомесафен 250 г/л;Цена: 1040 ₽. При 100% предоплате, доставка и хранение включены.;https://raw.githubusercontent.com/fagencymarketing-coder/Saturnphoto/main/tilda-photos/alfard-vr.png;1040;Соя;;фомесафен 250 г/л;;Однолетние и некоторые многолетние двудольные сорняки;1,5–2 л (кг)/га;Соя;20 л, штабель;;;;;;;
ampir-ekstra-vr;ampir-ekstra-vr;;Гербициды;Ампир Экстра, ВР;глифосат (калийная соль) 540 г/л;Цена: 540 ₽. При 100% предоплате, доставка и хранение включены.;https://raw.githubusercontent.com/fagencymarketing-coder/Saturnphoto/main/tilda-photos/ampir-ekstra-vr.png;540;Все культуры;;глифосат (калийная соль) 540 г/л;;Гербицид сплошного действия;1,4–5 л (кг)/га;Пары, поля под посев, земли не с/х;20 л, штабель;;;;;;;
ampir-vr;ampir-vr;;Гербициды;Ампир, ВР;глифосат (изопропиламинная соль) 360 г/л;;https://raw.githubusercontent.com/fagencymarketing-coder/Saturnphoto/main/tilda-photos/ampir-vr.png;;Все культуры;;глифосат (изопропиламинная соль) 360 г/л;;Гербицид сплошного действия;2–8 л (кг)/га;Поля, пары под посев;20 л, штабель;;;;;;;
rangoli-bazoron-vr;rangoli-bazoron-vr;;Гербициды;Ранголи-Базорон, ВР;бентазон 480 г/л;Цена: 1040 ₽. При 100% предоплате, доставка и хранение включены.;https://raw.githubusercontent.com/fagencymarketing-coder/Saturnphoto/main/tilda-photos/rangoli-bazoron-vr.png;1040;Пшеница, Ячмень, Соя, Горох, Лён;;бентазон 480 г/л;;Однолетние двудольные сорняки;1,5–4 л (кг)/га;Пшеница яровая/озимая, ячмень яровой/озимый, рожь яровая/озимая, овёс, горох, нут, соя, лён-долгунец;20 л, штабель;;;;;;;
gekstar-vdg;gekstar-vdg;;Гербициды;Гекстар, ВДГ;трибенурон-метил 750 г/кг;Цена: 2590 ₽. При 100% предоплате, доставка и хранение включены.;https://raw.githubusercontent.com/fagencymarketing-coder/Saturnphoto/main/tilda-photos/gekstar-vdg.png;2590;Пшеница, Ячмень, Подсолнечник;;трибенурон-метил 750 г/кг;;Однолетние двудольные сорняки, в т.ч. устойчивые к 2,4-Д и МЦПА;0,01–0,05 л (кг)/га;Пшеница яровая/озимая, ячмень яровой/озимый, овёс, SU-подсолнечник;0,5 кг × 10;;;;;;;
zazofen-vr;zazofen-vr;;Гербициды;Зазофен, ВР;бентазон 360 г/л + ацифлуорфен 80 г/л;Цена: 1825 ₽. При 100% предоплате, доставка и хранение включены.;;1825;Соя;;бентазон 360 г/л + ацифлуорфен 80 г/л;;Однолетние двудольные и некоторые однолетние злаковые сорняки;1–1,5 л (кг)/га;Соя;5 л × 4;;;;;;;
zlakoff-ke;zlakoff-ke;;Гербициды;Злакофф, КЭ;клетодим 240 г/л;Цена: 877,5 ₽. При 100% предоплате, доставка и хранение включены.;https://raw.githubusercontent.com/fagencymarketing-coder/Saturnphoto/main/tilda-photos/zlakoff-ke.png;877.5;Рапс, Подсолнечник, Соя, Свёкла, Лён;;клетодим 240 г/л;;Однолетние злаковые, многолетние злаковые (пырей ползучий);0,2–1 л (кг)/га;Свёкла сахарная, рапс яровой/озимый, соя, лён, подсолнечник;5 л × 4;;;;;;;
kirasir-se;kirasir-se;;Гербициды;Кирасир, СЭ;2,4-Д кислоты (2-этилгексиловый эфир) 410 г/л + флорасулам 7,4 г/л;Цена: 540 ₽. При 100% предоплате, доставка и хранение включены.;https://raw.githubusercontent.com/fagencymarketing-coder/Saturnphoto/main/tilda-photos/kirasir-se.png;540;Пшеница, Ячмень, Кукуруза;;2,4-Д кислоты (2-этилгексиловый эфир) 410 г/л + флорасулам 7,4 г/л;;Однолетние двудольные, в т.ч. устойчивые к 2,4-Д и МЦПА, и некоторые многолетние двудольные;0,3–0,5 л (кг)/га;Пшеница яровая/озимая, ячмень яровой, кукуруза, просо, сорго;10 л × 2;;;;;;;
kleo-vdg;kleo-vdg;;Гербициды;Клео, ВДГ;клопиралид 750 г/кг;Цена: 4050 ₽. При 100% предоплате, доставка и хранение включены.;;4050;Рапс, Свёкла, Лён;;клопиралид 750 г/кг;;Однолетние и некоторые многолетние двудольные, в т.ч. сложноцветные;0,12–0,12 л (кг)/га;Свёкла сахарная, рапс яровой (семена), лён долгунец/масличный;1 кг × 10;;;;;;;
klordin-ke;klordin-ke;;Гербициды;Клордин, КЭ;кломазон 480 г/л;Цена: 1065 ₽. При 100% предоплате, доставка и хранение включены.;https://raw.githubusercontent.com/fagencymarketing-coder/Saturnphoto/main/tilda-photos/klordin-ke.png;1065;Соя;;кломазон 480 г/л;;Однолетние двудольные и злаковые сорняки;0,7–1 л (кг)/га;Соя;5 л × 4;;;;;;;
kursar-vr;kursar-vr;;Гербициды;Курсар, ВР;имазамокс 40 г/л;Цена: 880 ₽. При 100% предоплате, доставка и хранение включены.;https://raw.githubusercontent.com/fagencymarketing-coder/Saturnphoto/main/tilda-photos/kursar-vr.png;880;Соя, Горох;;имазамокс 40 г/л;;Однолетние злаковые и двудольные сорняки;0,75–1 л (кг)/га;Соя, горох и нут (на зерно);5 л × 4;;;;;;;
metols-ke;metols-ke;;Гербициды;Метолс, КЭ;С-метолахлор 960 г/л;Цена: 1150 ₽. При 100% предоплате, доставка и хранение включены.;https://raw.githubusercontent.com/fagencymarketing-coder/Saturnphoto/main/tilda-photos/metols-ke.png;1150;Рапс, Подсолнечник, Соя, Кукуруза, Свёкла;;С-метолахлор 960 г/л;;Однолетние злаковые и некоторые двудольные сорняки;1,3–1,6 л (кг)/га;Кукуруза, соя, подсолнечник, рапс яровой, свёкла сахарная;5 л × 4;;;;;;;
polluks-emv;polluks-emv;;Гербициды;Поллукс, ЭМВ;феноксапроп-П-этил 69 г/л + антидот клоквинтосет-мексил 34,5 г/л;Цена: 745 ₽. При 100% предоплате, доставка и хранение включены.;https://raw.githubusercontent.com/fagencymarketing-coder/Saturnphoto/main/tilda-photos/polluks-emv.png;745;Пшеница, Ячмень;;феноксапроп-П-этил 69 г/л + антидот клоквинтосет-мексил 34,5 г/л;;Однолетние злаковые сорняки;0,8–1 л (кг)/га;Пшеница яровая/озимая, ячмень яровой;10 л × 2;;;;;;;
spika-ke;spika-ke;;Гербициды;Спика, КЭ;галоксифоп-П-метил 108 г/л;Цена: 850 ₽. При 100% предоплате, доставка и хранение включены.;https://raw.githubusercontent.com/fagencymarketing-coder/Saturnphoto/main/tilda-photos/spika-ke.png;850;Рапс, Подсолнечник, Соя;;галоксифоп-П-метил 108 г/л;;Однолетние злаковые, многолетние злаковые (пырей ползучий);0,5–1 л (кг)/га;Рапс яровой/озимый, соя, подсолнечник;"5 л × 4; 10 л × 2";;;;;;;
tifilagro-vdg;tifilagro-vdg;;Гербициды;Тифилагро, ВДГ;тифенсульфурон-метил 750 г/л;Цена: 5625 ₽. При 100% предоплате, доставка и хранение включены.;;5625;Пшеница, Ячмень, Соя, Кукуруза, Лён;;тифенсульфурон-метил 750 г/л;;Однолетние и некоторые многолетние двудольные, в т.ч. устойчивые к 2,4-Д и МЦПА;0,006–0,025 л (кг)/га;Пшеница яровая/озимая, ячмень яровой/озимый, кукуруза (на зерно), соя, лён долгунец/масличный;0,1 кг × 100;;;;;;;
torpeda-vdg;torpeda-vdg;;Гербициды;Торпеда, ВДГ;тифенсульфурон-метил 500 г/кг + флорасулам 170 г/кг;;https://raw.githubusercontent.com/fagencymarketing-coder/Saturnphoto/main/tilda-photos/torpeda-vdg.png;;Пшеница, Ячмень, Кукуруза;;тифенсульфурон-метил 500 г/кг + флорасулам 170 г/кг;;Однолетние и некоторые многолетние двудольные сорняки;0,025–0,035 л (кг)/га;Зерновые колосовые яровые/озимые за исключением овса, кукуруза (зерно);0,5 кг;;;;;;;
ukrotitel-ke;ukrotitel-ke;;Гербициды;Укротитель, КЭ;феноксапроп-П-этил 100 г/л + антидот клоквинтосет-мексил 27 г/л;Цена: 800 ₽. При 100% предоплате, доставка и хранение включены.;https://raw.githubusercontent.com/fagencymarketing-coder/Saturnphoto/main/tilda-photos/ukrotitel-ke.png;800;Пшеница;;феноксапроп-П-этил 100 г/л + антидот клоквинтосет-мексил 27 г/л;;Однолетние злаковые (овсюг, метлица обыкновенная, щетинники, мятлик, просовидные);0,4–0,9 л (кг)/га;Пшеница яровая/озимая;"5 л × 4; 10 л × 2";;;;;;;
tsarumin-vk;tsarumin-vk;;Гербициды;Царумин, ВК;МЦПА (диметиламинная + натриевая + калиевая соль) 500 г/л;Цена: 880 ₽. При 100% предоплате, доставка и хранение включены.;;880;Пшеница, Ячмень, Картофель, Горох, Лён;;МЦПА (диметиламинная + натриевая + калиевая соль) 500 г/л;;Однолетние двудольные сорные растения;0,5–1,5 л (кг)/га;Пшеница яровая/озимая, ячмень яровой/озимый, рожь озимая, овёс, горох (на зерно), картофель, лён-долгунец;10 л × 2;;;;;;;
chellendzher-vrk;chellendzher-vrk;;Гербициды;Челленджер, ВРК;имазамокс 33 г/л + имазапир 15 г/л;Цена: 945 ₽. При 100% предоплате, доставка и хранение включены.;;945;Подсолнечник;;имазамокс 33 г/л + имазапир 15 г/л;;Однолетние злаковые и двудольные и некоторые многолетние сорняки;1–1,2 л (кг)/га;Подсолнечник (на масло и зерно), устойчивый к имидазолинонам;"5 л × 4; 10 л × 2";;;;;;;
fertika-listovoe-start-13-40-13;fertika-listovoe-start-13-40-13;Фертика;"Удобрения и листовые подкормки;Удобрения";FERTIKA Листовое Старт 13-40-13;Фертика · удобрения;Водорастворимое фосфорное NPK-удобрение для стартовых стадий роста и развития корней.<br><br>Цена: от 227 ₽. При 100% предоплате, доставка и хранение включены.;https://raw.githubusercontent.com/fagencymarketing-coder/Saturnphoto/main/tilda-photos/fertika-listovoe-start-13-40-13.png;227;Пшеница, Ячмень, Рапс, Подсолнечник, Кукуруза, Картофель;"N 12,9 · P2O5 40 · K2O 13,4 · MgO 0,1 · S 0,02 · B 0,015 · Cu 0,03 · Fe 0,08 · Mn 0,08 · Mo 0,003 · Zn 0,03 (%); микро — хелат ЭДТА";;;;Некорневая подкормка 2–4 кг/га. Фертигация: теплицы 0,05–0,2% (0,5–2 кг/1000 л), открытый грунт 0,1–0,2% (1–2 кг/1000 л);Зерновые (начало кущения), кукуруза (3–5 листьев), подсолнечник (3–4 листа), рапс (3–4 листа), картофель 2–5 кг/га (клубнеобразование);25 кг;100% растворимость · ЕС 0,1% р-ра 1,0 мСм/см · рН 1% р-ра 5;;;;;;
fertika-listovoe-18-18-18;fertika-listovoe-18-18-18;Фертика;"Удобрения и листовые подкормки;Удобрения";FERTIKA Листовое 18-18-18;Фертика · удобрения;Универсальное водорастворимое NPK-удобрение для сбалансированного питания в течение вегетации.<br><br>Цена: от 202 ₽. При 100% предоплате, доставка и хранение включены.;https://raw.githubusercontent.com/fagencymarketing-coder/Saturnphoto/main/tilda-photos/fertika-listovoe-18-18-18.png;202;Пшеница, Ячмень, Рапс, Подсолнечник, Кукуруза, Картофель;"N 18 · P2O5 18 · K2O 18 · MgO 1,4 · S 1,8 · B 0,03 · Cu 0,01 · Fe 0,15 · Mn 0,14 · Mo 0,003 · Zn 0,01 (%); микро — хелат ЭДТА";;;;Некорневая подкормка 2–5 кг/га. Фертигация: теплицы 0,05–0,2%, открытый грунт 0,1–0,2%;Зерновые 2–4 (кущение, выход в трубку), кукуруза 2–3 (5–6 листьев), подсолнечник 2–4 (8–10 листьев), рапс 2–5 (6–8 листьев), картофель 2–4 (формирование клубней), бобовые 2–4 (перед цветением);25 кг;100% растворимость · ЕС 0,1% р-ра 0,9 мСм/см · рН 1% р-ра 5;;;;;;
fertika-listovoe-10-5-40;fertika-listovoe-10-5-40;Фертика;"Удобрения и листовые подкормки;Удобрения";FERTIKA Листовое 10-5-40;Фертика · удобрения;Высококалийное водорастворимое удобрение для формирования и качества урожая.<br><br>Цена: от 222 ₽. При 100% предоплате, доставка и хранение включены.;https://raw.githubusercontent.com/fagencymarketing-coder/Saturnphoto/main/tilda-photos/fertika-listovoe-10-5-40.png;222;Пшеница, Ячмень, Картофель, Овощи;N 10,1 · P2O5 5 · K2O 40 · MgO 0,5 · S 4,4 · B 0,03 · Cu 0,01 · Fe 0,15 · Mn 0,14 · Mo 0,003 · Zn 0,01 (%);;;;Некорневая подкормка 2–5 кг/га. Фертигация: теплицы 0,05–0,2%, открытый грунт 0,1–0,2%;Масличные (бутонизация), зерновые (флаговый лист — колошение), картофель (рост клубней), виноград 2–5 (начало созревания ягод), овощи 3–5 (созревание);25 кг;100% растворимость · ЕС 0,1% р-ра 1,1 мСм/см · рН 1% р-ра 6;;;;;;
fertika-listovoe-4-13-36;fertika-listovoe-4-13-36;Фертика;"Удобрения и листовые подкормки;Удобрения";FERTIKA Листовое 4-13-36;Фертика · удобрения;Водорастворимое удобрение для цветения, плодоношения и налива урожая.<br><br>Цена: от 232 ₽. При 100% предоплате, доставка и хранение включены.;https://raw.githubusercontent.com/fagencymarketing-coder/Saturnphoto/main/tilda-photos/fertika-listovoe-4-13-36.png;232;Пшеница, Ячмень, Картофель, Свёкла, Овощи;N 4 · P2O5 13 · K2O 36 · MgO 1,6 · S 7,7 · B 0,02 · Cu 0,01 · Fe 0,1 · Mn 0,1 · Mo 0,002 · Zn 0,01 (%);;;;Некорневая подкормка 2–5 кг/га. Фертигация: теплицы 0,05–0,2%, открытый грунт 0,1–0,2%;Масличные (бутонизация), зерновые (флаговый лист — колошение), сахарная свёкла (до смыкания рядков), картофель (рост клубней), бобовые (формирование бобов), овощи 3–5 (созревание);25 кг;100% растворимость · ЕС 0,1% р-ра 1,1 мСм/см · рН 1% р-ра 6;;;;;;
fertika-plyus-6-4-11-31;fertika-plyus-6-4-11-31;Фертика;"Удобрения и листовые подкормки;Удобрения";FERTIKA Плюс 6,4-11-31;Фертика · удобрения;Бесхлорное водорастворимое NPK-удобрение с магнием, серой и микроэлементами.<br><br>Цена: от 225 ₽. При 100% предоплате, доставка и хранение включены.;https://raw.githubusercontent.com/fagencymarketing-coder/Saturnphoto/main/tilda-photos/fertika-plyus-6-4-11-31.png;225;Овощи;N 6,4 · P2O5 11 · K2O 31 · MgO 2,6 · S 4,4 · B 0,02 · Cu 0,01 · Fe 0,1 · Mn 0,1 · Mo 0,002 · Zn 0,01 (%);;;;Фертигация и гидропоника: теплицы 0,05–0,2%, открытый грунт 0,1–0,2%;Огурец, томат, цветы, ягоды — защищённый и открытый грунт, все типы полива;25 кг;100% растворимость · ЕС 0,1% р-ра 1,0 мСм/см · рН 1% р-ра 6;;;;;;
fertika-listovoe-19-6-20;fertika-listovoe-19-6-20;Фертика;"Удобрения и листовые подкормки;Удобрения";FERTIKA Листовое 19-6-20;Фертика · удобрения;Азотсодержащее водорастворимое удобрение для активного роста растений.<br><br>Цена: от 196 ₽. При 100% предоплате, доставка и хранение включены.;https://raw.githubusercontent.com/fagencymarketing-coder/Saturnphoto/main/tilda-photos/fertika-listovoe-19-6-20.png;196;Пшеница, Ячмень, Рапс, Овощи;N 19 · P2O5 6 · K2O 20 · MgO 3 · S 7 · B 0,03 · Cu 0,01 · Fe 0,1 · Mn 0,1 · Mo 0,003 · Zn 0,01 (%);;;;Некорневая подкормка 2–3 кг/га. Фертигация: теплицы 0,05–0,2%, открытый грунт 0,1–0,2%;"Цветочно-декоративные, ягодные, овощные, зелень; полевые — зерновые и рапс 2–3 (начало созревания)";25 кг;100% растворимость · ЕС 0,1% р-ра 0,9 мСм/см · рН 1% р-ра 5;;;;;;
fertika-plyus-12-11-26;fertika-plyus-12-11-26;Фертика;"Удобрения и листовые подкормки;Удобрения";FERTIKA Плюс 12-11-26;Фертика · удобрения;Комплексное водорастворимое NPK-удобрение с повышенным содержанием калия.<br><br>Цена: от 207 ₽. При 100% предоплате, доставка и хранение включены.;https://raw.githubusercontent.com/fagencymarketing-coder/Saturnphoto/main/tilda-photos/fertika-plyus-12-11-26.png;207;Пшеница, Ячмень, Подсолнечник, Овощи;N 12,3 · P2O5 11 · K2O 26 · MgO 2,5 · S 3,3 · B 0,02 · Cu 0,01 · Fe 0,1 · Mn 0,1 · Mo 0,002 · Zn 0,01 (%);;;;Некорневая подкормка 2–3 кг/га. Фертигация: теплицы 0,05–0,2%, открытый грунт 0,1–0,2%;"Цветы, овощи, ягоды, зелень; зерновые и подсолнечник 2–3 (начало созревания)";25 кг;100% растворимость · ЕС 0,1% р-ра 1,0 мСм/см · рН 1% р-ра 5;;;;;;
fertika-plyus-16-20-27;fertika-plyus-16-20-27;Фертика;"Удобрения и листовые подкормки;Удобрения";FERTIKA Плюс 16-20-27;Фертика · удобрения;Концентрированное водорастворимое NPK-удобрение для интенсивного питания.<br><br>Цена: от 203 ₽. При 100% предоплате, доставка и хранение включены.;https://raw.githubusercontent.com/fagencymarketing-coder/Saturnphoto/main/tilda-photos/fertika-plyus-16-20-27.png;203;Овощи;N 16 · P2O5 20 · K2O 27 · B 0,02 · Cu 0,01 · Fe 0,1 · Mn 0,1 · Zn 0,01 (%);;;;"Фертигация: теплицы 0,05–0,2%, открытый грунт 0,1–0,2%; корневые и некорневые подкормки";Цветы, ягоды, зелень — все субстраты, почвы и грунты, все типы полива;25 кг;100% растворимость;;;;;;
fertika-universal-2-npk-12-8-14;fertika-universal-2-npk-12-8-14;Фертика;"Удобрения и листовые подкормки;Удобрения";FERTIKA Универсал-2 NPK 12-8-14;Фертика · удобрения;Гранулированное бесхлорное удобрение для овощных и плодово-ягодных культур.<br><br>Цена: от 112 ₽. При 100% предоплате, доставка и хранение включены.;https://raw.githubusercontent.com/fagencymarketing-coder/Saturnphoto/main/tilda-photos/fertika-universal-2-npk-12-8-14.png;112;Картофель, Овощи;N 12 · P2O5 8 · K2O 14 · Ca 0,6 · MgO 2 · SO3 8 · B 0,09 · Cu 0,08 · Fe 0,16 · Mn 0,16 · Mo 0,08 · Zn 0,09 (%);;;;"Картофель 600–800 кг/га; овощные 600–1000 кг/га; ягодные 200–400 кг/га; декоративные 600–800 кг/га";Картофель, овощные, ягодные, декоративные культуры;800 кг;Гранулы, не пылят;;;;;;
fertika-gazonnoe-vesna-leto-npk-11-12-26;fertika-gazonnoe-vesna-leto-npk-11-12-26;Фертика;"Удобрения и листовые подкормки;Удобрения";FERTIKA Газонное Весна-Лето NPK 11-12-26;Фертика · удобрения;Гранулированное удобрение для густого газона и ярко-зелёной окраски травы.<br><br>Цена: от 96 ₽. При 100% предоплате, доставка и хранение включены.;https://raw.githubusercontent.com/fagencymarketing-coder/Saturnphoto/main/tilda-photos/fertika-gazonnoe-vesna-leto-npk-11-12-26.png;96;;N 11 · P2O5 12 · K2O 26 · Ca 0,55 · MgO 0,4 · SO3 0,7 · B 0,09 · Cu 0,08 · Fe 0,16 · Mn 0,16 · Mo 0,008 · Zn 0,09 (%);;;;"Закладка газона 10 кг/100 м²; весенняя подкормка 4–5 кг/100 м²; в вегетацию 5–7 кг/100 м²";Газон;800 кг;Гранулированное;;;;;;
fertika-osennee-npk-5-21-31;fertika-osennee-npk-5-21-31;Фертика;"Удобрения и листовые подкормки;Удобрения";FERTIKA Осеннее NPK 5-21-31;Фертика · удобрения;Осеннее фосфорно-калийное удобрение для подготовки растений к стрессам.<br><br>Цена: от 106 ₽. При 100% предоплате, доставка и хранение включены.;https://raw.githubusercontent.com/fagencymarketing-coder/Saturnphoto/main/tilda-photos/fertika-osennee-npk-5-21-31.png;106;Все культуры;N 5 · P2O5 21 · K2O 31 · Ca 0,55 · MgO 0,5 · S 0,7 · B 0,09 · Cu 0,08 · Fe 0,16 · Mn 0,16 · Mo 0,008 · Zn 0,09 (%);;;;"Сахарная свёкла 300–600 кг/га; подсолнечник 200–300; озимая пшеница 200–400; кукуруза на зерно 400–600 кг/га";Полевые культуры — основное внесение осенью;800 кг;Гранулы прочные, одного размера;;;;;;
fertika-hvoynoe-dlya-vechnozelenyh-vesna-leto-npk-10-7-14;fertika-hvoynoe-dlya-vechnozelenyh-vesna-leto-npk-10-7-14;Фертика;"Удобрения и листовые подкормки;Удобрения";FERTIKA Хвойное для вечнозелёных Весна-Лето NPK 10-7-14;Фертика · удобрения;Пролонгированное удобрение для хвойных и кислолюбивых растений.;https://raw.githubusercontent.com/fagencymarketing-coder/Saturnphoto/main/tilda-photos/fertika-hvoynoe-dlya-vechnozelenyh-vesna-leto-npk-10-7-14.png;;;N 9,9 · P2O5 7 · K2O 14 · MgO 6,9 · SO3 40,8 · B 0,05 · Cu 0,03 · Mn 0,1 · Zn 0,06 (%);;;;"При посадке и подкормке 30–40 г на растение; поверхностно 60 г/м², 1–2 раза за вегетацию";Хвойные, рододендроны, азалии, гортензии, голубика, садовая черника;800 кг, 40 кг;Пролонгированное действие, понижает рН почвы, без хлора;;;;;;
fertika-kartofelnoe-5-npk-11-9-16;fertika-kartofelnoe-5-npk-11-9-16;Фертика;"Удобрения и листовые подкормки;Удобрения";FERTIKA Картофельное-5 NPK 11-9-16;Фертика · удобрения;Специализированное удобрение для клубнеобразования и повышения качества картофеля.<br><br>Цена: от 110 ₽. При 100% предоплате, доставка и хранение включены.;https://raw.githubusercontent.com/fagencymarketing-coder/Saturnphoto/main/tilda-photos/fertika-kartofelnoe-5-npk-11-9-16.png;110;Картофель;N 11 · P2O5 9 · K2O 16 · Ca 0,55 · MgO 1 · SO3 4 · B 0,09 · Cu 0,08 · Mn 0,16 (%);;;;Картофель 600–800 кг/га;Картофель;800 кг;Без хлора;;;;;;
fertika-eko-kaliy;fertika-eko-kaliy;Фертика;"Удобрения и листовые подкормки;Удобрения";FERTIKA Эко Калий;Фертика · удобрения;Бесхлорное калийное удобрение растительного происхождения с серой и магнием.<br><br>Цена: от 48 ₽ (МКР) · 54 ₽ (25 кг). При 100% предоплате, доставка и хранение включены.;https://raw.githubusercontent.com/fagencymarketing-coder/Saturnphoto/main/tilda-photos/fertika-eko-kaliy.png;48;Пшеница, Ячмень, Рапс, Подсолнечник, Кукуруза, Картофель;K2O 37 · P2O5 4,1 · SO3 10 · MgO 7,1 · CaO 7,1 · Fe 0,1 · Mn 0,01 · Zn 0,02 · Cu 0,02 (%);;;;"Яровые зерновые, кукуруза, рапс, подсолнечник, озимая пшеница 200–400 кг/га; картофель и корнеплоды 300–350; томат, огурец, плодово-ягодные 200–250 кг/га";Зерновые, кукуруза, рапс, подсолнечник, картофель, корнеплоды, плодово-ягодные;МКР / 25 кг;Бесхлорное, растительного происхождения (лузга подсолнечника);;;;;;
fertika-sulfat-kaliya;fertika-sulfat-kaliya;Фертика;"Удобрения и листовые подкормки;Удобрения";FERTIKA Сульфат калия;Фертика · удобрения;Концентрированное бесхлорное калийное удобрение с серой.<br><br>Цена: от 103 ₽ (МКР 1000 кг) · 108 ₽ (мешки 35 кг). При 100% предоплате, доставка и хранение включены.;https://raw.githubusercontent.com/fagencymarketing-coder/Saturnphoto/main/tilda-photos/fertika-sulfat-kaliya.png;103;Овощи;K2O 50 · S 17 (%);;;;"Томаты, огурцы, цветочные 15–20 г/м²; картофель, капуста, свёкла, морковь 25–30 г/м²; редис, лук, салат 5–10 г/м²; защищённый грунт 30–40 г/м²; плодовые деревья 150–200 г/растение";Плодовые, ягодные, овощные, чувствительные к хлору культуры;МКР 1000 кг / мешки 35 кг;Бесхлорное;;;;;;
relict-makro-n-mg;relict-makro-n-mg;Реликт;"Удобрения и листовые подкормки;Удобрения";Relict Макро N Mg+;Реликт · удобрения;Азотно-серно-магниевое удобрение для листовых подкормок.;;;Все культуры;"Азот общий 250–280 г/л · сера (SO3) 40–50 г/л · магний (MgO) 7–10 г/л; плотность 1,2–1,3 г/см³, рН 5,5–7,5";;;;Листовая подкормка;Все декоративные и сельскохозяйственные культуры;;Плотность 1,2–1,3 г/см³, рН 5,5–7,5;;;;;;
relict-makro-pk;relict-makro-pk;Реликт;"Удобрения и листовые подкормки;Удобрения";Relict Макро PK;Реликт · удобрения;Фосфорно-калийное удобрение для налива и качества урожая.;;;Все культуры;"Азот общий 65–90 г/л · фосфор (P2O5) 410–450 г/л · калий (K2O) 140–150 г/л; плотность 1,35–1,45 г/см³, рН 6,5–7,5";;;;Листовая подкормка;"Все культуры; особенно масличные — подсолнечник, рапс, соя";;Плотность 1,35–1,45 г/см³, рН 6,5–7,5;;;;;;
fertika-gazonnoe-osen;fertika-gazonnoe-osen;Фертика;"Удобрения и листовые подкормки;Удобрения";FERTIKA Газонное. Осень;Фертика · удобрения;Гранулированное осеннее удобрение для газона.<br><br>Цена: от 97 ₽. При 100% предоплате, доставка и хранение включены.;;97;;NPK 6:13:36 + микроэлементы — Ca, MgO, SO3, B, Cu, Fe, Mn, Mo, Zn;;;;"Закладка газона 10 кг/100 м²; по вегетации 7 кг/100 м²";Газон;водорастворимые гранулы, 800 кг;;;;;;;
mikroel-universalnyy;mikroel-universalnyy;Волски Биохим;"Удобрения и листовые подкормки;Листовые подкормки";Микроэл Универсальный;Волски Биохим · листовые подкормки;Комплексное микроудобрение для листовых подкормок и коррекции дефицитов.<br><br>Цена: от 595 ₽. При 100% предоплате, доставка и хранение включены.;https://raw.githubusercontent.com/fagencymarketing-coder/Saturnphoto/main/tilda-photos/mikroel-universalnyy.png;595;Пшеница, Ячмень, Подсолнечник, Кукуруза, Картофель, Свёкла;"Mn 3,4 · Mo 2,2 · MgO 15 · Zn 14 · Cu 6 · Fe 3,0 · Co 0,8 · B 1,6 · SO3 68 · N 4 · K2O 0,3 г/л; + Cr, Ni, Li, Se. 15 элементов, микро — хелат ЭДТА";;;;0,2–0,5 л/га, 2 обработки (при однократной — до 0,4 л/га). Рабочий раствор 30–300 л/га;Кукуруза 0,2 (5–9 лист, трубкование), подсолнечник 0,2, сах. свёкла 0,4, зернобобовые 0,2, озимые и яровые зерновые 0,2 (кущение, колошение), картофель 0,4, плодово-ягодные 0,5–1,0;;Плотность 1,3 г/см³;;;;;;
mikroel-pivovarennyy-yachmen;mikroel-pivovarennyy-yachmen;Волски Биохим;"Удобрения и листовые подкормки;Листовые подкормки";Микроэл Пивоваренный ячмень;Волски Биохим · листовые подкормки;Специализированное микроудобрение для питания пивоваренного ячменя.;;;Ячмень;Состав линейки «Микроэл», вариант для пивоваренного ячменя: ограничивает азотфиксацию, препятствует избыточному накоплению белка, стимулирует фотосинтез и накопление углеводов;;;;0,2–0,4 л/га, 2 обработки. Рабочий раствор 30–300 л/га;Пивоваренный ячмень;канистра 10 л;Плотность 1,3 г/см³;;;;;;
strada-n;strada-n;Волски Биохим;"Удобрения и листовые подкормки;Листовые подкормки";Страда N;Волски Биохим · листовые подкормки;Жидкое азотное удобрение с микроэлементами для роста вегетативной массы.<br><br>Цена: от 315 ₽. При 100% предоплате, доставка и хранение включены.;https://raw.githubusercontent.com/fagencymarketing-coder/Saturnphoto/main/tilda-photos/strada-n.png;315;Пшеница, Ячмень, Подсолнечник, Кукуруза, Картофель, Свёкла;"N 374 · P2O5 28 · K2O 42 · MgO 2,1 · SO3 17,5 · Fe 0,42 · Mn 0,7 · B 0,22 · Zn 1,8 · Cu 0,83 · Mo 0,7 · Co 0,014 · Se 0,014 г/л; + органические кислоты, витамины, кремний";;;;3–5 л/га (стандарт 3 л/га). Рабочий раствор 100–300 л/га;Кукуруза (5–9 лист, трубкование), подсолнечник (4–5 пар листьев), сах. свёкла, зернобобовые, озимые и яровые зерновые (кущение, колошение), картофель;;Суспензия, 374 г/л азота;;;;;;
strada-p;strada-p;Волски Биохим;"Удобрения и листовые подкормки;Листовые подкормки";Страда P;Волски Биохим · листовые подкормки;Жидкое фосфорное удобрение для развития корней, цветения и плодоношения.<br><br>Цена: от 535 ₽. При 100% предоплате, доставка и хранение включены.;https://raw.githubusercontent.com/fagencymarketing-coder/Saturnphoto/main/tilda-photos/strada-p.png;535;Пшеница, Ячмень, Подсолнечник, Кукуруза, Картофель, Свёкла;N 65 · P2O5 258 · K2O 65 · MgO 2,3 · SO3 10,3 · Fe 0,9 · Mn 0,65 · B 0,26 · Zn 2,1 · Cu 0,9 · Mo 0,65 · Co 0,13 · Se 0,026 г/л;;;;"3–5 л/га (стандарт 3 л/га); картофель 5 л/га при обработке клубней. Рабочий раствор 100–300 л/га";Кукуруза (5–7 лист), подсолнечник, сах. свёкла, зернобобовые, зерновые (кущение — колошение), картофель;;Стимулирует развитие корневой системы;;;;;;
strada-k;strada-k;Волски Биохим;"Удобрения и листовые подкормки;Листовые подкормки";Страда K;Волски Биохим · листовые подкормки;Жидкое калийное удобрение для качества и лёжкости урожая.<br><br>Цена: от 315 ₽. При 100% предоплате, доставка и хранение включены.;https://raw.githubusercontent.com/fagencymarketing-coder/Saturnphoto/main/tilda-photos/strada-k.png;315;Подсолнечник, Кукуруза, Картофель, Свёкла;K2O 152 · N 51 · P2O5 63 · SO3 44,2 · Fe 0,25 · Mn 2,4 · B 0,11 · Zn 0,063 · Cu 0,063 · Mo 0,013 · Co 0,013 · Se 0,013 г/л. 12 элементов питания;;;;3–5 л/га (стандарт 3 л/га). Рабочий раствор 100–300 л/га;Кукуруза (трубкование), подсолнечник (формирование корзинки), сах. свёкла, зернобобовые (бутонизация), рис, картофель (после цветения);;Плотность 1,3 г/см³;;;;;;
volski-mono-sera;volski-mono-sera;Волски Биохим;"Удобрения и листовые подкормки;Листовые подкормки";Волски Моно-Сера;Волски Биохим · листовые подкормки;Высококонцентрированное серное удобрение для серолюбивых культур.<br><br>Цена: от 450 ₽. При 100% предоплате, доставка и хранение включены.;https://raw.githubusercontent.com/fagencymarketing-coder/Saturnphoto/main/tilda-photos/volski-mono-sera.png;450;Пшеница, Ячмень, Рапс, Соя, Горох;Сера 72% · N 27 г/л (2,7%) · Mg 31 г/л (3,1%);;;;0,5–1,0 л/га (до 1 л/га при низком содержании серы). Рабочий раствор 100–300 л/га;"Рапс, сурепица, рыжик (3–7 лист — розетка); горох, соя, нут (3–4 лист — стеблевание); зерновые (колошение — флаговый лист)";канистра 10 л;Плотность 1,4 г/см³;;;;;;
volski-mono-bor;volski-mono-bor;Волски Биохим;"Удобрения и листовые подкормки;Листовые подкормки";Волски Моно-Бор;Волски Биохим · листовые подкормки;Борное микроудобрение для цветения, опыления и формирования завязей.<br><br>Цена: от 635 ₽. При 100% предоплате, доставка и хранение включены.;https://raw.githubusercontent.com/fagencymarketing-coder/Saturnphoto/main/tilda-photos/volski-mono-bor.png;635;Рапс, Подсолнечник, Соя, Картофель, Свёкла, Горох;Бор 131 г/л (13,1%) · N 60 г/л (6%) · органический проникатель;;;;0,5–1,0 л/га, 1–2 обработки (до 1 л/га при низком содержании бора). Рабочий раствор 100–300 л/га;Подсолнечник (формирование корзинки), сах. свёкла (перед смыканием рядков), картофель (смыкание рядков), горох/соя/рапс/горчица (бутонизация, перед цветением);канистра 10 л;Плотность 1,3 г/см³;;;;;;
volski-mono-tsink;volski-mono-tsink;Волски Биохим;"Удобрения и листовые подкормки;Листовые подкормки";Волски Моно-Цинк;Волски Биохим · листовые подкормки;Цинковое микроудобрение для роста, фотосинтеза и стрессоустойчивости.<br><br>Цена: от 500 ₽. При 100% предоплате, доставка и хранение включены.;https://raw.githubusercontent.com/fagencymarketing-coder/Saturnphoto/main/tilda-photos/volski-mono-tsink.png;500;Кукуруза;Цинк 75 г/л (7,5%) · N 41 г/л (4,1%) · влагоудерживающий компонент;;;;0,5 л/га, 1 обработка (до 1 л/га при низком содержании цинка). Рабочий раствор 100–300 л/га;"Кукуруза (5–9 лист); другие культуры — рост листьев и стеблей";канистра 10 л;Плотность 1,2 г/см³;;;;;;
volski-mono-zhelezo;volski-mono-zhelezo;Волски Биохим;"Удобрения и листовые подкормки;Листовые подкормки";Волски Моно-Железо;Волски Биохим · листовые подкормки;Хелатное железосодержащее микроудобрение для профилактики хлороза.<br><br>Цена: от 400 ₽. При 100% предоплате, доставка и хранение включены.;https://raw.githubusercontent.com/fagencymarketing-coder/Saturnphoto/main/tilda-photos/volski-mono-zhelezo.png;400;Пшеница, Ячмень, Овощи;Железо 100 г/л (10%) · N 41 г/л (4,1%) · органический мембранный проникатель;;;;Овощные и плодово-ягодные 0,5–1,0 л/га (1–3 обработки), зерновые 0,5 л/га (1 обработка). Рабочий раствор 100–300 л/га;Овощные, зерновые, плодово-ягодные — при хлорозе и недостатке железа;канистра 10 л;Плотность 1,3 г/см³;;;;;;
volski-mono-med;volski-mono-med;Волски Биохим;"Удобрения и листовые подкормки;Листовые подкормки";Волски Моно-Медь;Волски Биохим · листовые подкормки;Хелатное медное микроудобрение для обменных процессов и устойчивости.<br><br>Цена: от 545 ₽. При 100% предоплате, доставка и хранение включены.;https://raw.githubusercontent.com/fagencymarketing-coder/Saturnphoto/main/tilda-photos/volski-mono-med.png;545;Все культуры;Медь 82 г/л (8,2%) · N 41 г/л (4,1%) · органический мембранный проникатель;;;;0,2–1,0 л/га. Рабочий раствор 100–300 л/га;Культуры при недостатке меди;канистра 10 л;Плотность 1,2 г/см³;;;;;;
diforma-bor-molibden;diforma-bor-molibden;Волски Биохим;"Удобрения и листовые подкормки;Листовые подкормки";Диформа Бор-Молибден;Волски Биохим · листовые подкормки;Микроудобрение с бором и молибденом для цветения и азотного обмена.<br><br>Цена: от 1470 ₽. При 100% предоплате, доставка и хранение включены.;https://raw.githubusercontent.com/fagencymarketing-coder/Saturnphoto/main/tilda-photos/diforma-bor-molibden.png;1470;Соя, Горох, Лён;Бор 100 г/л (10%) · Молибден 40 г/л (4%) · N 70 г/л (7%) · мембранный проникатель. Самое высокое содержание молибдена в линейке;;;;"Семена 0,5–1,0 л/т; листовая подкормка 0,5–1,5 л/га";"Зернобобовые — горох, соя, нут, чечевица; семенники многолетних трав, лён";;Плотность 1,4 г/см³;;;;;;
diforma-kaltsiy-azot;diforma-kaltsiy-azot;Волски Биохим;"Удобрения и листовые подкормки;Листовые подкормки";Диформа Кальций-Азот;Волски Биохим · листовые подкормки;Удобрение с кальцием и азотом для прочности тканей и качества плодов.<br><br>Цена: от 685 ₽. При 100% предоплате, доставка и хранение включены.;https://raw.githubusercontent.com/fagencymarketing-coder/Saturnphoto/main/tilda-photos/diforma-kaltsiy-azot.png;685;Картофель, Овощи;Кальций 100 г/л (10%) · Азот 50 г/л (5%);;;;0,5–2,0 л/га, листовая подкормка;Плодово-ягодные, овощи, картофель;;Плотность 1,2 г/см³;;;;;;
diforma-magniy-tsink;diforma-magniy-tsink;Волски Биохим;"Удобрения и листовые подкормки;Листовые подкормки";Диформа Магний-Цинк;Волски Биохим · листовые подкормки;Микроудобрение с магнием и цинком для фотосинтеза и стрессоустойчивости.<br><br>Цена: от 670 ₽. При 100% предоплате, доставка и хранение включены.;https://raw.githubusercontent.com/fagencymarketing-coder/Saturnphoto/main/tilda-photos/diforma-magniy-tsink.png;670;Кукуруза, Картофель, Свёкла, Овощи;"Магний 75 г/л (7,5%) · Цинк 30 г/л (3%) · Азот 52 г/л (5,2%) · Сера 37 г/л (3,7%) · Фосфор 14 г/л (1,4%); хелат ОЭДФ. Самое высокое содержание магния";;;;0,5–2,0 л/га, листовая подкормка;Кукуруза, сахарная свёкла, картофель, овощи, плодово-ягодные;;Плотность 1,2 г/см³;;;;;;
diforma-magniy-marganets;diforma-magniy-marganets;Волски Биохим;"Удобрения и листовые подкормки;Листовые подкормки";Диформа Магний-Марганец;Волски Биохим · листовые подкормки;Микроудобрение с магнием и марганцем для фотосинтеза и ферментативных процессов.<br><br>Цена: от 455 ₽. При 100% предоплате, доставка и хранение включены.;https://raw.githubusercontent.com/fagencymarketing-coder/Saturnphoto/main/tilda-photos/diforma-magniy-marganets.png;455;Кукуруза, Свёкла;Магний 50 г/л (5%) · Марганец 10 г/л (1%) · Азот 10 г/л (1%) · Сера 110 г/л (11%) · Фосфор 36 г/л (3,6%);;;;0,5–2,0 л/га, листовая подкормка;Плодово-ягодные, сахарная свёкла, кукуруза;;Плотность 1,2 г/см³;;;;;;
diforma-marganets-tsink;diforma-marganets-tsink;Волски Биохим;"Удобрения и листовые подкормки;Листовые подкормки";Диформа Марганец-Цинк;Волски Биохим · листовые подкормки;Микроудобрение с марганцем и цинком для роста и фотосинтеза.<br><br>Цена: от 510 ₽. При 100% предоплате, доставка и хранение включены.;https://raw.githubusercontent.com/fagencymarketing-coder/Saturnphoto/main/tilda-photos/diforma-marganets-tsink.png;510;Кукуруза, Картофель, Свёкла, Овощи;"Марганец 56 г/л (5,6%) · Цинк 28 г/л (2,8%) · Азот 10 г/л (1%) · Сера 120 г/л (12%) · Фосфор 6 г/л (0,6%); хелат ОЭДФ";;;;0,5–2,0 л/га, листовая подкормка;Плодово-ягодные, овощи, картофель, кукуруза, сахарная свёкла;;Плотность 1,2 г/см³;;;;;;
diforma-marganets-bor;diforma-marganets-bor;Волски Биохим;"Удобрения и листовые подкормки;Листовые подкормки";Диформа Марганец-Бор;Волски Биохим · листовые подкормки;Микроудобрение с марганцем и бором для цветения и формирования урожая.;https://raw.githubusercontent.com/fagencymarketing-coder/Saturnphoto/main/tilda-photos/diforma-marganets-bor.png;;Подсолнечник, Картофель, Свёкла, Овощи;Марганец 50 г/л (5%) · Бор 25 г/л (2,5%) · Азот 25 г/л (2,5%);;;;0,5–2,0 л/га, листовая подкормка;Плодово-ягодные, овощи, картофель, сахарная свёкла, подсолнечник;;Плотность 1,2 г/см³;;;;;;
diforma-kremniy-kaliy;diforma-kremniy-kaliy;Волски Биохим;"Удобрения и листовые подкормки;Листовые подкормки";Диформа Кремний-Калий;Волски Биохим · листовые подкормки;Удобрение с кремнием и калием для прочности тканей и стрессоустойчивости.<br><br>Цена: от 800 ₽. При 100% предоплате, доставка и хранение включены.;https://raw.githubusercontent.com/fagencymarketing-coder/Saturnphoto/main/tilda-photos/diforma-kremniy-kaliy.png;800;Пшеница, Ячмень, Овощи;Кремний 340 г/л (34%) · Калий 160 г/л (16%) · Азот 2,3 г/л (0,23%), амидная форма;;;;"Семена 0,2–0,5 л/т; листовая подкормка 0,2–1,0 л/га";Зерновые, плодово-ягодные, овощи;;Плотность 1,3 г/см³;;;;;;
diforma-kobalt-selen;diforma-kobalt-selen;Волски Биохим;"Удобрения и листовые подкормки;Листовые подкормки";Диформа Кобальт-Селен;Волски Биохим · листовые подкормки;Микроудобрение с кобальтом и селеном для азотфиксации и антистрессовой защиты.<br><br>Цена: от 1245 ₽. При 100% предоплате, доставка и хранение включены.;https://raw.githubusercontent.com/fagencymarketing-coder/Saturnphoto/main/tilda-photos/diforma-kobalt-selen.png;1245;;Кобальт 50 г/л (5%) · Селен 1 г/л (0,1%) · Азот 10 г/л (1%) · Сера 70 г/л (7%) · Фосфор 13 г/л (1,3%);;;;0,5–1,0 л/га, листовая подкормка;Многолетние травы (клевер, люцерна, козлятник и смеси со злаковыми), кормовые культуры;;Плотность 1,1 г/см³;;;;;;
relikt-r;relikt-r;Реликт;"Удобрения и листовые подкормки;Листовые подкормки";Реликт Р;Реликт · листовые подкормки;Гуминово-фульвовый стимулятор для повышения урожайности и стрессоустойчивости.<br><br>Цена: от 615 ₽. При 100% предоплате, доставка и хранение включены.;https://raw.githubusercontent.com/fagencymarketing-coder/Saturnphoto/main/tilda-photos/relikt-r.png;615;Все культуры;"Соли гуминовых и фульвовых кислот 4–6% (40–60 г/л) · N общий 0,2–0,5% · N аммонийный 0,1–0,25% · P общий 0,2–0,35% · K общий 0,2–0,35%; рН 9,0–11";;;;"Обработка семян 0,4 л/т; листовые подкормки — по схеме, часто в баковой смеси с «Реликт М»";Все сельхозкультуры. Подтверждено на клевере, яровом рапсе, кукурузе;;Жидкость, рН 9,0–11;;;;;;
relikt-m-molibden;relikt-m-molibden;Реликт;"Удобрения и листовые подкормки;Листовые подкормки";Реликт М Молибден;Реликт · листовые подкормки;Молибденовое микроудобрение с аминокислотами для азотного обмена.<br><br>Цена: от 1340 ₽. При 100% предоплате, доставка и хранение включены.;https://raw.githubusercontent.com/fagencymarketing-coder/Saturnphoto/main/tilda-photos/relikt-m-molibden.png;1340;Все культуры;"Молибден (MoO3) 60–70 г/л · азот (N) 25–35 г/л · комплекс аминокислот 100–120 г/л; рН 8–9,5";;;;"Обработка семян 0,5 л/т; листовая подкормка 0,2–0,4 л/га";"Бобовые (ключевая роль в усвоении азота), соя, клевер; все сельхозкультуры";раствор;рН 8–9,5;;;;;;
relikt-m-sera;relikt-m-sera;Реликт;"Удобрения и листовые подкормки;Листовые подкормки";Реликт М Сера;Реликт · листовые подкормки;Серное удобрение для синтеза аминокислот, белка и повышения урожайности.<br><br>Цена: от 730 ₽. При 100% предоплате, доставка и хранение включены.;https://raw.githubusercontent.com/fagencymarketing-coder/Saturnphoto/main/tilda-photos/relikt-m-sera.png;730;Пшеница, Ячмень, Рапс, Соя;"Сера (SO3) 550–600 г/л · азот (N) 110–130 г/л; рН 5–6. Сульфитная форма";;;;0,3–1,5 л/га листовая подкормка (рапс — фазы розетка, стеблевание, бутонизация);"Рапс, соя, капуста и другие серолюбивые культуры; зерновые — качество зерна";раствор;рН 5–6;;;;;;
relikt-m-bor;relikt-m-bor;Реликт;"Удобрения и листовые подкормки;Листовые подкормки";Реликт М Бор;Реликт · листовые подкормки;Борное микроудобрение для цветения, опыления и формирования плодов.<br><br>Цена: от 765 ₽. При 100% предоплате, доставка и хранение включены.;https://raw.githubusercontent.com/fagencymarketing-coder/Saturnphoto/main/tilda-photos/relikt-m-bor.png;765;Все культуры;"Бор (B) 130–150 г/л (в соединении с этаноламином ≥460 г/л) · азот (N) 90–110 г/л · молибден (MoO3) 4–8 г/л; рН 8–9,5";;;;0,5–1,5 л/га листовая подкормка;Все сельхозкультуры. Подсолнечник (2–5 пар листьев, начало образования корзинки), сахарная свёкла 1,0–1,5 л/га;раствор;рН 8–9,5;;;;;;
relikt-m-tsink;relikt-m-tsink;Реликт;"Удобрения и листовые подкормки;Листовые подкормки";Реликт М Цинк;Реликт · листовые подкормки;Цинковое удобрение с аминокислотами для фотосинтеза и качества урожая.<br><br>Цена: от 695 ₽. При 100% предоплате, доставка и хранение включены.;https://raw.githubusercontent.com/fagencymarketing-coder/Saturnphoto/main/tilda-photos/relikt-m-tsink.png;695;Все культуры;"Цинк (ZnO) 120–140 г/л · азот (N) 30–40 г/л · комплекс аминокислот 15–180 г/л; рН 5–6";;;;0,3–1,5 л/га листовая подкормка;"Кукуруза (3–5 лист, 4 лист при гербицидной обработке); все сельхозкультуры";раствор;рН 5–6;;;;;;
relikt-m-kremniy;relikt-m-kremniy;Реликт;"Удобрения и листовые подкормки;Листовые подкормки";Реликт М Кремний;Реликт · листовые подкормки;Кремниевое удобрение с калием для укрепления растений и стрессоустойчивости.<br><br>Цена: от 470 ₽. При 100% предоплате, доставка и хранение включены.;https://raw.githubusercontent.com/fagencymarketing-coder/Saturnphoto/main/tilda-photos/relikt-m-kremniy.png;470;Все культуры;"Кремний (SiO2) 210–230 г/л · Калий (K2O) 90–110 г/л; рН 11–12";;;;0,2 л/га, до 3 обработок за вегетацию;"Все сельхозкультуры. Зерновые — снижение риска полегания; томаты (подтверждено)";раствор;рН 11–12;;;;;;
volski-aminator;volski-aminator;Волски Биохим;"Удобрения и листовые подкормки;Листовые подкормки";Волски Аминатор;Волски Биохим · листовые подкормки;Комплекс аминокислот нового поколения для быстрого снятия стресса во время засухи и активации роста<br><br>Цена: от 900 ₽. При 100% предоплате, доставка и хранение включены.;;900;;;;;;0,5;;раствор;;;;;;;
atlant-super;atlant-super;;Фунгициды;Атлант Супер;пропиконазол 250 г/л + ципроконазол 80 г/л;;;;Пшеница, Свёкла;;пропиконазол 250 г/л + ципроконазол 80 г/л;;Мучнистая роса, ржавчина (бурая, жёлтая, стеблевая), септориоз, пиренофороз, фузариоз (частично), церкоспороз, фомоз, альтернариоз;0,4–0,75 л (кг)/га;Пшеница яровая/озимая, свёкла сахарная;5 л × 4;;;;;;;
granberg-pro-ke;granberg-pro-ke;;Фунгициды;Гранберг Про, КЭ;пропиконазол 300 г/л + тебуконазол 200 г/л;Цена: 1562,5 ₽. При 100% предоплате, доставка и хранение включены.;;1562.5;Пшеница, Ячмень, Рапс, Соя, Свёкла;;пропиконазол 300 г/л + тебуконазол 200 г/л;;"Ржавчина бурая, стеблевая, жёлтая; мучнистая роса, септориоз листьев и колоса, пиренофороз, карликовая ржавчина, ринхоспориоз, сетчатая и тёмно-бурая пятнистости, церкоспороз, фомоз, оидиум, альтернариоз, аскохитоз, антракноз";0,2–0,6 л (кг)/га;Пшеница яровая/озимая, ячмень яровой/озимый, свёкла сахарная, виноград, рапс яровой/озимый, соя;10 л × 2;;;;;;;
granberg-ke;granberg-ke;;Фунгициды;Гранберг, КЭ;тебуконазол 250 г/л;Цена: 1417,5 ₽. При 100% предоплате, доставка и хранение включены.;;1417.5;Пшеница, Ячмень, Рапс;;тебуконазол 250 г/л;;"Ржавчина бурая, стеблевая, жёлтая, корончатая; мучнистая роса, септориоз листьев и колоса, пиренофороз, карликовая ржавчина, сетчатая, тёмно-бурая и красно-бурая пятнистости, ринхоспориоз, альтернариоз, склеротиниоз";0,75–1 л (кг)/га;Пшеница яровая/озимая, ячмень яровой/озимый, рожь озимая, овёс, рапс яровой/озимый;10 л × 2;;;;;;;
alfatsin-ke;alfatsin-ke;;Инсектициды;Альфацин, КЭ;альфа-циперметрин 100 г/л;Цена: 510 ₽. При 100% предоплате, доставка и хранение включены.;https://raw.githubusercontent.com/fagencymarketing-coder/Saturnphoto/main/tilda-photos/alfatsin-ke.png;510;Пшеница, Ячмень, Рапс, Картофель, Свёкла, Горох;;альфа-циперметрин 100 г/л;;Клоп вредная черепашка, блошки, тли, цикадки, трипсы, пьявица, рапсовый цветоед, крестоцветные блошки, свекловичная листовая тля и минирующая муха, гороховая зерновка и плодожорка, долгоносики, саранчовые;0,1–0,3 л (кг)/га;Пшеница яровая/озимая, ячмень яровой/озимый, рапс яровой/озимый, картофель, свёкла кормовая и сахарная, горох, люцерна, участки, заселённые саранчовыми;"5 л × 4; 10 л × 2";;;;;;;
garpun-ks;garpun-ks;;Инсектициды;Гарпун, КС;ацетамиприд 115 г/л + лямбда-цигалотрин 106 г/л;Цена: 1150 ₽. При 100% предоплате, доставка и хранение включены.;https://raw.githubusercontent.com/fagencymarketing-coder/Saturnphoto/main/tilda-photos/garpun-ks.png;1150;Пшеница, Ячмень, Рапс, Соя, Свёкла, Горох;;ацетамиприд 115 г/л + лямбда-цигалотрин 106 г/л;;Клоп вредная черепашка, хлебные жуки и блошки, пшеничные трипсы, тли, внутристеблевые мухи, пьявица, стеблевые пилильщики, свекловичные долгоносики, луговой мотылёк, гороховая зерновка и плодожорка, бобовая огнёвка, соевая плодожорка, клубеньковый долгоносик, рапсовый цветоед и пилильщик;0,1–0,5 л (кг)/га;Пшеница яровая/озимая, ячмень яровой, свёкла сахарная, горох, нут, соя, рапс яровой;5 л × 4;;;;;;;
kastra-ks;kastra-ks;;Инсектициды;Кастра, КС;клотианидин 140 г/л + лямбда-цигалотрин 100 г/л;Цена: 1125 ₽. При 100% предоплате, доставка и хранение включены.;https://raw.githubusercontent.com/fagencymarketing-coder/Saturnphoto/main/tilda-photos/kastra-ks.png;1125;Пшеница, Ячмень, Рапс, Соя;;клотианидин 140 г/л + лямбда-цигалотрин 100 г/л;;Клубеньковый долгоносик, многоягодные совки, бобовая огнёвка, крестоцветные блошки, рапсовый пилильщик и цветоед, рапсовый семенной скрытнохоботник, клоп вредная черепашка, тли, хлебные жуки, пшеничный трипс, хлебные блошки, пьявицы;0,1–0,25 л (кг)/га;Зерновые колосовые (кроме овса), рапс яровой/озимый, соя;5 л × 4;;;;;;;
rangoli-noril-ke;rangoli-noril-ke;;Инсектициды;Ранголи Норил, КЭ;клотианидин 140 г/л + лямбда-цигалотрин 100 г/л;Цена: 1040 ₽. При 100% предоплате, доставка и хранение включены.;https://raw.githubusercontent.com/fagencymarketing-coder/Saturnphoto/main/tilda-photos/rangoli-noril-ke.png;1040;Пшеница, Ячмень, Рапс;;клотианидин 140 г/л + лямбда-цигалотрин 100 г/л;;Хлебная жужелица, клоп вредная черепашка, хлебные жуки, злаковые тли, пьявицы, крестоцветные блошки;0,5–1 л (кг)/га;Пшеница яровая/озимая, ячмень, рапс;"5 л × 4; 10 л × 2";;;;;;;
rangoli-regolon-vr;rangoli-regolon-vr;;Десиканты;Ранголи-Реголон, ВР;дикват дибромид 150 г/л (пересчёт на дикват-ион 80,3 г/л);Цена: 392 ₽. При 100% предоплате, доставка и хранение включены.;https://raw.githubusercontent.com/fagencymarketing-coder/Saturnphoto/main/tilda-photos/rangoli-regolon-vr.png;392;Подсолнечник;;дикват дибромид 150 г/л (пересчёт на дикват-ион 80,3 г/л);;Десикация;2–2 л (кг)/га;Подсолнечник;10 л × 2;;;;;;;
rigel-forte-vr;rigel-forte-vr;;Десиканты;Ригель Форте, ВР;дикват дибромид 240 г/л (пересчёт на дикват-ион 128 г/л);Цена: 540 ₽. При 100% предоплате, доставка и хранение включены.;https://raw.githubusercontent.com/fagencymarketing-coder/Saturnphoto/main/tilda-photos/rigel-forte-vr.png;540;Рапс, Подсолнечник, Соя, Картофель, Горох;;дикват дибромид 240 г/л (пересчёт на дикват-ион 128 г/л);;Десикация;0,7–1,8 л (кг)/га;Подсолнечник, соя, рапс яровой, горох, картофель;10 л × 2;;;;;;;
volski-optim;volski-optim;;Адъюванты;Волски Оптим;рН-корректор рабочего раствора;рН-корректор рабочего раствора<br><br>Цена: от 700 ₽ (рассрочка 735 ₽). При 100% предоплате, доставка и хранение включены.;https://raw.githubusercontent.com/fagencymarketing-coder/Saturnphoto/main/tilda-photos/volski-optim.png;700;;;;Подкисляет рабочий раствор, связывает соли жёсткости, снижает поверхностное натяжение;;30–150 мл на 100 л;;;;;;;;;
biostik-terra;biostik-terra;;Адъюванты;Биостик Терра;Биоклей для гороха, сои, чечевицы, рапса, льна, горчицы;Биоклей для гороха, сои, чечевицы, рапса, льна, горчицы<br><br>Цена: от 635 ₽ (рассрочка 730 ₽). При 100% предоплате, доставка и хранение включены.;;635;;;;Олигополисахарид бактериального происхождения, гетероферментивные молочнокислые бактерии и комплекс доп. веществ. Предотвращает растрескивание плодов;;1 л/га на 100–200 л воды/га;;;;;;;;;
vega-90-zh;vega-90-zh;;Адъюванты;Вега 90, Ж;ПАВ-адъювант для совместного применения с эмульсионными гербицидами;ПАВ-адъювант для совместного применения с эмульсионными гербицидами<br><br>Цена: от 220 ₽ (рассрочка 253 ₽). При 100% предоплате, доставка и хранение включены.;https://raw.githubusercontent.com/fagencymarketing-coder/Saturnphoto/main/tilda-photos/vega-90-zh.png;220;;;;Этоксилат изодецилового спирта, 900 г/л;;0,2–0,5;;;;;;;;;
vega-antipena-ke;vega-antipena-ke;;Адъюванты;Вега АнтиПена, КЭ;Пеногаситель для баковых смесей пестицидов;Пеногаситель для баковых смесей пестицидов;https://raw.githubusercontent.com/fagencymarketing-coder/Saturnphoto/main/tilda-photos/vega-antipena-ke.png;;;;;Силиконовая эмульсия, функциональные добавки;;0,01–0,05;;;;;;;;;
vega-balans-vr;vega-balans-vr;;Адъюванты;Вега Баланс, ВР;Кондиционер и смягчитель воды под физиологически кислые пестициды;Кондиционер и смягчитель воды под физиологически кислые пестициды;https://raw.githubusercontent.com/fagencymarketing-coder/Saturnphoto/main/tilda-photos/vega-balans-vr.png;;;;;Ортофосфорная кислота + рН-индикатор;;0,1–1;;;;;;;;;
vega-gold-zh;vega-gold-zh;;Адъюванты;Вега Голд, Ж;Кремнийорганический ПАВ-адъювант, суперсмачиватель;Кремнийорганический ПАВ-адъювант, суперсмачиватель<br><br>Цена: от 1350 ₽ (рассрочка 1552,5 ₽). При 100% предоплате, доставка и хранение включены.;https://raw.githubusercontent.com/fagencymarketing-coder/Saturnphoto/main/tilda-photos/vega-gold-zh.png;1350;;;;Гептометилтрисилоксан;;0,01–0,1;;;;;;;;;
vega-kley;vega-kley;;Адъюванты;Вега Клей;Клей для крестоцветных и зернобобовых — против опадения и потери зерна;Клей для крестоцветных и зернобобовых — против опадения и потери зерна;;;;;;Кедровая смола, масло крабе, канифоль, адъюванты;;0,8–1,5;;;;;;;;;
vega-turbo;vega-turbo;;Адъюванты;Вега Турбо;Чистящее средство для промывки опрыскивающего оборудования;Чистящее средство для промывки опрыскивающего оборудования<br><br>Цена: от 426 ₽ (рассрочка 490 ₽). При 100% предоплате, доставка и хранение включены.;https://raw.githubusercontent.com/fagencymarketing-coder/Saturnphoto/main/tilda-photos/vega-turbo.png;426;;;;Спирты С11–15 вторичные этоксилированные и бутоксилированные, моноэтаноламин, монобутиловый эфир диэтиленгликоля, 1,4-бис(2-этилгексил)сульфосукцинат натрия, изопропиловый спирт;;0,1–0,3;;;;;;;;;
vega-emuls-ke;vega-emuls-ke;;Адъюванты;Вега Эмульс, КЭ;ПАВ-адъювант для повышения эффективности СЗР;ПАВ-адъювант для повышения эффективности СЗР;https://raw.githubusercontent.com/fagencymarketing-coder/Saturnphoto/main/tilda-photos/vega-emuls-ke.png;;;;;Сложные эфиры жирных кислот, анионные сложных эфиров алкилполигликозида, этоксилированных жирных спиртов и хьюмекантов;;0,5–1;;;;;;;;;
