SKU;Товар;SEO Title;Длина;SEO Description;Длина
novosel-cl;Новосёл CL;Новосёл CL — купить семена в Барнауле | Сатурн;46;Новосёл CL: Рапс яровой · гибрид F1. Поставка по Сибири, агросопровождение.;75
ampir-10-express;Ampir 10 Express;Ampir 10 Express — купить семена в Барнауле | Сатурн;52;Ampir 10 Express: Подсолнечник · гибрид F1. Поставка по Сибири, агросопровождение.;82
ampir-25-express;Ampir 25 Express;Ampir 25 Express — купить семена в Барнауле | Сатурн;52;Ampir 25 Express: Подсолнечник · гибрид F1. Поставка по Сибири, агросопровождение.;82
skipetr;Скипетр;Скипетр — купить семена в Барнауле | Сатурн;43;Скипетр: Пшеница озимая · ЭС. Поставка по Сибири, агросопровождение.;68
soberbash;Собербаш;Собербаш — купить семена в Барнауле | Сатурн;44;Собербаш: Пшеница озимая · ЭС, РС 1. Поставка по Сибири, агросопровождение.;75
lgovskaya-4;Льговская 4;Льговская 4 — купить семена в Барнауле | Сатурн;47;Льговская 4: Пшеница озимая · ЭС. Поставка по Сибири, агросопровождение.;72
priirtyshskaya-2;Прииртышская 2;Прииртышская 2 — купить семена в Барнауле | Сатурн;50;Прииртышская 2: Пшеница озимая · ЭС. Поставка по Сибири, агросопровождение.;75
kvs-akvilon;КВС Аквилон;КВС Аквилон — купить семена в Барнауле | Сатурн;47;КВС Аквилон: Пшеница яровая · РС 1. Поставка по Сибири, агросопровождение.;74
kvs-buran;КВС Буран;КВС Буран — купить семена в Барнауле | Сатурн;45;КВС Буран: Пшеница яровая · РС 1. Поставка по Сибири, агросопровождение.;72
gonets;Гонец;Гонец — купить семена в Барнауле | Сатурн;41;Гонец: Пшеница яровая · ЭС. Поставка по Сибири, агросопровождение.;66
yunion;Юнион;Юнион — купить семена в Барнауле | Сатурн;41;Юнион: Пшеница яровая · ЭС. Поставка по Сибири, агросопровождение.;66
altayskiy-22;Алтайский 22;Алтайский 22 — купить семена в Барнауле | Сатурн;48;Алтайский 22: Ячмень яровой · ЭС. Поставка по Сибири, агросопровождение.;72
kvs-dzhessi;КВС Джесси;КВС Джесси — купить семена в Барнауле | Сатурн;46;КВС Джесси: Ячмень яровой · РС 1. Поставка по Сибири, агросопровождение.;72
kvs-hobbs;КВС Хоббс;КВС Хоббс — купить семена в Барнауле | Сатурн;45;КВС Хоббс: Ячмень яровой · РС 1. Поставка по Сибири, агросопровождение.;71
zolotistaya;Золотистая;Золотистая — купить семена в Барнауле | Сатурн;46;Золотистая: Соя · ЭС. Поставка по Сибири, агросопровождение.;60
sibiriada;Сибириада;Сибириада — купить семена в Барнауле | Сатурн;45;Сибириада: Соя · ЭС. Поставка по Сибири, агросопровождение.;59
sibiriada-20;Сибириада 20;Сибириада 20 — купить семена в Барнауле | Сатурн;48;Сибириада 20: Соя · ЭС. Поставка по Сибири, агросопровождение.;62
sentyabrinka;Сентябринка;Сентябринка — купить семена в Барнауле | Сатурн;47;Сентябринка: Соя · ЭС. Поставка по Сибири, агросопровождение.;61
topaz;Топаз;Топаз — купить семена в Барнауле | Сатурн;41;Топаз: Соя · ЭС. Поставка по Сибири, агросопровождение.;55
cheremshanka;Черемшанка;Черемшанка — купить семена в Барнауле | Сатурн;46;Черемшанка: Соя · ЭС. Поставка по Сибири, агросопровождение.;60
kvs-bagu;КВС Багу;КВС Багу — купить семена в Барнауле | Сатурн;44;КВС Багу: Горох посевной · РС 1. Поставка по Сибири, агросопровождение.;71
bonus-2;Бонус 2;Бонус 2 — купить семена в Барнауле | Сатурн;43;Бонус 2: Горох посевной · ЭС. Поставка по Сибири, агросопровождение.;68
dasha;Даша;Даша — купить семена в Барнауле | Сатурн;40;Даша: Гречиха · ЭС. Поставка по Сибири, агросопровождение.;58
diana;Диана;Диана — купить семена в Барнауле | Сатурн;41;Диана: Гречиха · ЭС. Поставка по Сибири, агросопровождение.;59
innovator;Инноватор;Инноватор — купить семена в Барнауле | Сатурн;45;Инноватор: Картофель · ЭС. Поставка по Сибири, агросопровождение.;65
mikromak;Микромак;Микромак — купить в Барнауле | Сатурн;37;Микромак: Волски Биохим · обработка семян. от 585 ₽. Поставка по Сибири, агросопровождение.;91
ekomak;Экомак;Экомак — купить в Барнауле | Сатурн;35;Экомак: Волски Биохим · обработка семян. от 700 ₽. Поставка по Сибири, агросопровождение.;89
relikt-r-start-protravitel;Реликт Р Старт (протравитель);Реликт Р Старт (протравитель) — купить в Барнауле | Сатурн;58;Реликт Р Старт (протравитель): Реликт · обработка семян. от 735 ₽. Поставка по Сибири, агросопровождение.;105
anker-trio-ks;Анкер Трио, КС;Анкер Трио, КС — купить в Барнауле | Сатурн;43;Анкер Трио, КС: тиабендазол 60 г/л + тебуконазол 60 г/л + имазалил 40 г/л. от 1475 ₽. Поставка по Сибири, агросопровождение.;124
tiara-ks;Тиара, КС;Тиара, КС — купить в Барнауле | Сатурн;38;Тиара, КС: тиаметоксам 350 г/л. от 945 ₽. Поставка по Сибири, агросопровождение.;80
til-pro-ks;Тиль Про, КС;Тиль Про, КС — купить в Барнауле | Сатурн;41;Тиль Про, КС: тиаметоксам 350 г/л. Поставка по Сибири, агросопровождение.;73
toreador-maksi-ks;Тореадор Макси, КС;Тореадор Макси, КС — купить в Барнауле | Сатурн;47;Тореадор Макси, КС: имидаклоприд 600 г/л. от 1760 ₽. Поставка по Сибири, агросопровождение.;91
alfard-vr;Альфард, ВР;Альфард, ВР — купить гербицид в Барнауле | Сатурн;49;Альфард, ВР: фомесафен 250 г/л. от 1040 ₽. Поставка по Сибири, агросопровождение.;81
ampir-ekstra-vr;Ампир Экстра, ВР;Ампир Экстра, ВР — купить гербицид в Барнауле | Сатурн;54;Ампир Экстра, ВР: глифосат (калийная соль) 540 г/л. от 540 ₽. Поставка по Сибири, агросопровождение.;100
ampir-vr;Ампир, ВР;Ампир, ВР — купить гербицид в Барнауле | Сатурн;47;Ампир, ВР: глифосат (изопропиламинная соль) 360 г/л. Поставка по Сибири, агросопровождение.;91
rangoli-bazoron-vr;Ранголи-Базорон, ВР;Ранголи-Базорон, ВР — купить гербицид в Барнауле | Сатурн;57;Ранголи-Базорон, ВР: бентазон 480 г/л. от 1040 ₽. Поставка по Сибири, агросопровождение.;88
gekstar-vdg;Гекстар, ВДГ;Гекстар, ВДГ — купить гербицид в Барнауле | Сатурн;50;Гекстар, ВДГ: трибенурон-метил 750 г/кг. от 2590 ₽. Поставка по Сибири, агросопровождение.;90
zazofen-vr;Зазофен, ВР;Зазофен, ВР — купить гербицид в Барнауле | Сатурн;49;Зазофен, ВР: бентазон 360 г/л + ацифлуорфен 80 г/л. от 1825 ₽. Поставка по Сибири, агросопровождение.;101
zlakoff-ke;Злакофф, КЭ;Злакофф, КЭ — купить гербицид в Барнауле | Сатурн;49;Злакофф, КЭ: клетодим 240 г/л. от 877.5 ₽. Поставка по Сибири, агросопровождение.;81
kirasir-se;Кирасир, СЭ;Кирасир, СЭ — купить гербицид в Барнауле | Сатурн;49;Кирасир, СЭ: 2,4-Д кислоты (2-этилгексиловый эфир) 410 г/л + флорасулам 7,4 г/л. от 540 ₽. Поставка по Сибири, агросопровождение.;129
kleo-vdg;Клео, ВДГ;Клео, ВДГ — купить гербицид в Барнауле | Сатурн;47;Клео, ВДГ: клопиралид 750 г/кг. от 4050 ₽. Поставка по Сибири, агросопровождение.;81
klordin-ke;Клордин, КЭ;Клордин, КЭ — купить гербицид в Барнауле | Сатурн;49;Клордин, КЭ: кломазон 480 г/л. от 1065 ₽. Поставка по Сибири, агросопровождение.;80
kursar-vr;Курсар, ВР;Курсар, ВР — купить гербицид в Барнауле | Сатурн;48;Курсар, ВР: имазамокс 40 г/л. от 880 ₽. Поставка по Сибири, агросопровождение.;78
metols-ke;Метолс, КЭ;Метолс, КЭ — купить гербицид в Барнауле | Сатурн;48;Метолс, КЭ: С-метолахлор 960 г/л. от 1150 ₽. Поставка по Сибири, агросопровождение.;83
polluks-emv;Поллукс, ЭМВ;Поллукс, ЭМВ — купить гербицид в Барнауле | Сатурн;50;Поллукс, ЭМВ: феноксапроп-П-этил 69 г/л + антидот клоквинтосет-мексил 34,5 г/л. от 745 ₽. Поставка по Сибири, агросопровождение.;128
spika-ke;Спика, КЭ;Спика, КЭ — купить гербицид в Барнауле | Сатурн;47;Спика, КЭ: галоксифоп-П-метил 108 г/л. от 850 ₽. Поставка по Сибири, агросопровождение.;87
tifilagro-vdg;Тифилагро, ВДГ;Тифилагро, ВДГ — купить гербицид в Барнауле | Сатурн;52;Тифилагро, ВДГ: тифенсульфурон-метил 750 г/л. от 5625 ₽. Поставка по Сибири, агросопровождение.;95
torpeda-vdg;Торпеда, ВДГ;Торпеда, ВДГ — купить гербицид в Барнауле | Сатурн;50;Торпеда, ВДГ: тифенсульфурон-метил 500 г/кг + флорасулам 170 г/кг. Поставка по Сибири, агросопровождение.;105
ukrotitel-ke;Укротитель, КЭ;Укротитель, КЭ — купить гербицид в Барнауле | Сатурн;52;Укротитель, КЭ: феноксапроп-П-этил 100 г/л + антидот клоквинтосет-мексил 27 г/л. от 800 ₽. Поставка по Сибири, агросопровождение.;129
tsarumin-vk;Царумин, ВК;Царумин, ВК — купить гербицид в Барнауле | Сатурн;49;Царумин, ВК: МЦПА (диметиламинная + натриевая + калиевая соль) 500 г/л. от 880 ₽. Поставка по Сибири, агросопровождение.;120
chellendzher-vrk;Челленджер, ВРК;Челленджер, ВРК — купить гербицид в Барнауле | Сатурн;53;Челленджер, ВРК: имазамокс 33 г/л + имазапир 15 г/л. от 945 ₽. Поставка по Сибири, агросопровождение.;101
fertika-listovoe-start-13-40-13;FERTIKA Листовое Старт 13-40-13;FERTIKA Листовое Старт 13-40-13 — купить в Барнауле | Сатурн;60;FERTIKA Листовое Старт 13-40-13: Фертика · удобрения. от 227 ₽. Поставка по Сибири, агросопровождение.;102
fertika-listovoe-18-18-18;FERTIKA Листовое 18-18-18;FERTIKA Листовое 18-18-18 — купить в Барнауле | Сатурн;54;FERTIKA Листовое 18-18-18: Фертика · удобрения. от 202 ₽. Поставка по Сибири, агросопровождение.;96
fertika-listovoe-10-5-40;FERTIKA Листовое 10-5-40;FERTIKA Листовое 10-5-40 — купить в Барнауле | Сатурн;53;FERTIKA Листовое 10-5-40: Фертика · удобрения. от 222 ₽. Поставка по Сибири, агросопровождение.;95
fertika-listovoe-4-13-36;FERTIKA Листовое 4-13-36;FERTIKA Листовое 4-13-36 — купить в Барнауле | Сатурн;53;FERTIKA Листовое 4-13-36: Фертика · удобрения. от 232 ₽. Поставка по Сибири, агросопровождение.;95
fertika-plyus-6-4-11-31;FERTIKA Плюс 6,4-11-31;FERTIKA Плюс 6,4-11-31 — купить в Барнауле | Сатурн;51;FERTIKA Плюс 6,4-11-31: Фертика · удобрения. от 225 ₽. Поставка по Сибири, агросопровождение.;93
fertika-listovoe-19-6-20;FERTIKA Листовое 19-6-20;FERTIKA Листовое 19-6-20 — купить в Барнауле | Сатурн;53;FERTIKA Листовое 19-6-20: Фертика · удобрения. от 196 ₽. Поставка по Сибири, агросопровождение.;95
fertika-plyus-12-11-26;FERTIKA Плюс 12-11-26;FERTIKA Плюс 12-11-26 — купить в Барнауле | Сатурн;50;FERTIKA Плюс 12-11-26: Фертика · удобрения. от 207 ₽. Поставка по Сибири, агросопровождение.;92
fertika-plyus-16-20-27;FERTIKA Плюс 16-20-27;FERTIKA Плюс 16-20-27 — купить в Барнауле | Сатурн;50;FERTIKA Плюс 16-20-27: Фертика · удобрения. от 203 ₽. Поставка по Сибири, агросопровождение.;92
fertika-universal-2-npk-12-8-14;FERTIKA Универсал-2 NPK 12-8-14;FERTIKA Универсал-2 NPK 12-8-14 — купить в Барнауле | Сатурн;60;FERTIKA Универсал-2 NPK 12-8-14: Фертика · удобрения. от 112 ₽. Поставка по Сибири, агросопровождение.;102
fertika-gazonnoe-vesna-leto-npk-11-12-26;FERTIKA Газонное Весна-Лето NPK 11-12-26;FERTIKA Газонное Весна-Лето NPK 11-12-26 — купить в Барнауле | Сатурн;69;FERTIKA Газонное Весна-Лето NPK 11-12-26: Фертика · удобрения. от 96 ₽. Поставка по Сибири, агросопровождение.;110
fertika-osennee-npk-5-21-31;FERTIKA Осеннее NPK 5-21-31;FERTIKA Осеннее NPK 5-21-31 — купить в Барнауле | Сатурн;56;FERTIKA Осеннее NPK 5-21-31: Фертика · удобрения. от 106 ₽. Поставка по Сибири, агросопровождение.;98
fertika-hvoynoe-dlya-vechnozelenyh-vesna-leto-npk-10-7-14;FERTIKA Хвойное для вечнозелёных Весна-Лето NPK 10-7-14;FERTIKA Хвойное для вечнозелёных Весна-Лето NPK 10-7-14 — купить в Барнауле | Сатурн;84;FERTIKA Хвойное для вечнозелёных Весна-Лето NPK 10-7-14: Фертика · удобрения. Поставка по Сибири, агросопровождение.;116
fertika-kartofelnoe-5-npk-11-9-16;FERTIKA Картофельное-5 NPK 11-9-16;FERTIKA Картофельное-5 NPK 11-9-16 — купить в Барнауле | Сатурн;63;FERTIKA Картофельное-5 NPK 11-9-16: Фертика · удобрения. от 110 ₽. Поставка по Сибири, агросопровождение.;105
fertika-eko-kaliy;FERTIKA Эко Калий;FERTIKA Эко Калий — купить в Барнауле | Сатурн;46;FERTIKA Эко Калий: Фертика · удобрения. от 48 ₽. Поставка по Сибири, агросопровождение.;87
fertika-sulfat-kaliya;FERTIKA Сульфат калия;FERTIKA Сульфат калия — купить в Барнауле | Сатурн;50;FERTIKA Сульфат калия: Фертика · удобрения. от 103 ₽. Поставка по Сибири, агросопровождение.;92
relict-makro-n-mg;Relict Макро N Mg+;Relict Макро N Mg+ — купить в Барнауле | Сатурн;47;Relict Макро N Mg+: Реликт · удобрения. Поставка по Сибири, агросопровождение.;78
relict-makro-pk;Relict Макро PK;Relict Макро PK — купить в Барнауле | Сатурн;44;Relict Макро PK: Реликт · удобрения. Поставка по Сибири, агросопровождение.;75
fertika-gazonnoe-osen;FERTIKA Газонное. Осень;FERTIKA Газонное. Осень — купить в Барнауле | Сатурн;52;FERTIKA Газонное. Осень: Фертика · удобрения. от 97 ₽. Поставка по Сибири, агросопровождение.;93
mikroel-universalnyy;Микроэл Универсальный;Микроэл Универсальный — купить в Барнауле | Сатурн;50;Микроэл Универсальный: Волски Биохим · листовые подкормки. от 595 ₽. Поставка по Сибири, агросопровождение.;107
mikroel-pivovarennyy-yachmen;Микроэл Пивоваренный ячмень;Микроэл Пивоваренный ячмень — купить в Барнауле | Сатурн;56;Микроэл Пивоваренный ячмень: Волски Биохим · листовые подкормки. Поставка по Сибири, агросопровождение.;103
strada-n;Страда N;Страда N — купить в Барнауле | Сатурн;37;Страда N: Волски Биохим · листовые подкормки. от 315 ₽. Поставка по Сибири, агросопровождение.;94
strada-p;Страда P;Страда P — купить в Барнауле | Сатурн;37;Страда P: Волски Биохим · листовые подкормки. от 535 ₽. Поставка по Сибири, агросопровождение.;94
strada-k;Страда K;Страда K — купить в Барнауле | Сатурн;37;Страда K: Волски Биохим · листовые подкормки. от 315 ₽. Поставка по Сибири, агросопровождение.;94
volski-mono-sera;Волски Моно-Сера;Волски Моно-Сера — купить в Барнауле | Сатурн;45;Волски Моно-Сера: Волски Биохим · листовые подкормки. от 450 ₽. Поставка по Сибири, агросопровождение.;102
volski-mono-bor;Волски Моно-Бор;Волски Моно-Бор — купить в Барнауле | Сатурн;44;Волски Моно-Бор: Волски Биохим · листовые подкормки. от 635 ₽. Поставка по Сибири, агросопровождение.;101
volski-mono-tsink;Волски Моно-Цинк;Волски Моно-Цинк — купить в Барнауле | Сатурн;45;Волски Моно-Цинк: Волски Биохим · листовые подкормки. от 500 ₽. Поставка по Сибири, агросопровождение.;102
volski-mono-zhelezo;Волски Моно-Железо;Волски Моно-Железо — купить в Барнауле | Сатурн;47;Волски Моно-Железо: Волски Биохим · листовые подкормки. от 400 ₽. Поставка по Сибири, агросопровождение.;104
volski-mono-med;Волски Моно-Медь;Волски Моно-Медь — купить в Барнауле | Сатурн;45;Волски Моно-Медь: Волски Биохим · листовые подкормки. от 545 ₽. Поставка по Сибири, агросопровождение.;102
diforma-bor-molibden;Диформа Бор-Молибден;Диформа Бор-Молибден — купить в Барнауле | Сатурн;49;Диформа Бор-Молибден: Волски Биохим · листовые подкормки. от 1470 ₽. Поставка по Сибири, агросопровождение.;107
diforma-kaltsiy-azot;Диформа Кальций-Азот;Диформа Кальций-Азот — купить в Барнауле | Сатурн;49;Диформа Кальций-Азот: Волски Биохим · листовые подкормки. от 685 ₽. Поставка по Сибири, агросопровождение.;106
diforma-magniy-tsink;Диформа Магний-Цинк;Диформа Магний-Цинк — купить в Барнауле | Сатурн;48;Диформа Магний-Цинк: Волски Биохим · листовые подкормки. от 670 ₽. Поставка по Сибири, агросопровождение.;105
diforma-magniy-marganets;Диформа Магний-Марганец;Диформа Магний-Марганец — купить в Барнауле | Сатурн;52;Диформа Магний-Марганец: Волски Биохим · листовые подкормки. от 455 ₽. Поставка по Сибири, агросопровождение.;109
diforma-marganets-tsink;Диформа Марганец-Цинк;Диформа Марганец-Цинк — купить в Барнауле | Сатурн;50;Диформа Марганец-Цинк: Волски Биохим · листовые подкормки. от 510 ₽. Поставка по Сибири, агросопровождение.;107
diforma-marganets-bor;Диформа Марганец-Бор;Диформа Марганец-Бор — купить в Барнауле | Сатурн;49;Диформа Марганец-Бор: Волски Биохим · листовые подкормки. Поставка по Сибири, агросопровождение.;96
diforma-kremniy-kaliy;Диформа Кремний-Калий;Диформа Кремний-Калий — купить в Барнауле | Сатурн;50;Диформа Кремний-Калий: Волски Биохим · листовые подкормки. от 800 ₽. Поставка по Сибири, агросопровождение.;107
diforma-kobalt-selen;Диформа Кобальт-Селен;Диформа Кобальт-Селен — купить в Барнауле | Сатурн;50;Диформа Кобальт-Селен: Волски Биохим · листовые подкормки. от 1245 ₽. Поставка по Сибири, агросопровождение.;108
relikt-r;Реликт Р;Реликт Р — купить в Барнауле | Сатурн;37;Реликт Р: Реликт · листовые подкормки. от 615 ₽. Поставка по Сибири, агросопровождение.;87
relikt-m-molibden;Реликт М Молибден;Реликт М Молибден — купить в Барнауле | Сатурн;46;Реликт М Молибден: Реликт · листовые подкормки. от 1340 ₽. Поставка по Сибири, агросопровождение.;97
relikt-m-sera;Реликт М Сера;Реликт М Сера — купить в Барнауле | Сатурн;42;Реликт М Сера: Реликт · листовые подкормки. от 730 ₽. Поставка по Сибири, агросопровождение.;92
relikt-m-bor;Реликт М Бор;Реликт М Бор — купить в Барнауле | Сатурн;41;Реликт М Бор: Реликт · листовые подкормки. от 765 ₽. Поставка по Сибири, агросопровождение.;91
relikt-m-tsink;Реликт М Цинк;Реликт М Цинк — купить в Барнауле | Сатурн;42;Реликт М Цинк: Реликт · листовые подкормки. от 695 ₽. Поставка по Сибири, агросопровождение.;92
relikt-m-kremniy;Реликт М Кремний;Реликт М Кремний — купить в Барнауле | Сатурн;45;Реликт М Кремний: Реликт · листовые подкормки. от 470 ₽. Поставка по Сибири, агросопровождение.;95
volski-aminator;Волски Аминатор;Волски Аминатор — купить в Барнауле | Сатурн;44;Волски Аминатор: Волски Биохим · листовые подкормки. от 900 ₽. Поставка по Сибири, агросопровождение.;101
atlant-super;Атлант Супер;Атлант Супер — купить фунгицид в Барнауле | Сатурн;50;Атлант Супер: пропиконазол 250 г/л + ципроконазол 80 г/л. Поставка по Сибири, агросопровождение.;96
granberg-pro-ke;Гранберг Про, КЭ;Гранберг Про, КЭ — купить фунгицид в Барнауле | Сатурн;54;Гранберг Про, КЭ: пропиконазол 300 г/л + тебуконазол 200 г/л. от 1562.5 ₽. Поставка по Сибири, агросопровождение.;113
granberg-ke;Гранберг, КЭ;Гранберг, КЭ — купить фунгицид в Барнауле | Сатурн;50;Гранберг, КЭ: тебуконазол 250 г/л. от 1417.5 ₽. Поставка по Сибири, агросопровождение.;86
alfatsin-ke;Альфацин, КЭ;Альфацин, КЭ — купить инсектицид в Барнауле | Сатурн;52;Альфацин, КЭ: альфа-циперметрин 100 г/л. от 510 ₽. Поставка по Сибири, агросопровождение.;89
garpun-ks;Гарпун, КС;Гарпун, КС — купить инсектицид в Барнауле | Сатурн;50;Гарпун, КС: ацетамиприд 115 г/л + лямбда-цигалотрин 106 г/л. от 1150 ₽. Поставка по Сибири, агросопровождение.;110
kastra-ks;Кастра, КС;Кастра, КС — купить инсектицид в Барнауле | Сатурн;50;Кастра, КС: клотианидин 140 г/л + лямбда-цигалотрин 100 г/л. от 1125 ₽. Поставка по Сибири, агросопровождение.;110
rangoli-noril-ke;Ранголи Норил, КЭ;Ранголи Норил, КЭ — купить инсектицид в Барнауле | Сатурн;57;Ранголи Норил, КЭ: клотианидин 140 г/л + лямбда-цигалотрин 100 г/л. от 1040 ₽. Поставка по Сибири, агросопровождение.;117
rangoli-regolon-vr;Ранголи-Реголон, ВР;Ранголи-Реголон, ВР — купить десикант в Барнауле | Сатурн;57;Ранголи-Реголон, ВР: дикват дибромид 150 г/л (пересчёт на дикват-ион 80,3 г/л). от 392 ₽. Поставка по Сибири, агросопровождение.;128
rigel-forte-vr;Ригель Форте, ВР;Ригель Форте, ВР — купить десикант в Барнауле | Сатурн;54;Ригель Форте, ВР: дикват дибромид 240 г/л (пересчёт на дикват-ион 128 г/л). от 540 ₽. Поставка по Сибири, агросопровождение.;124
volski-optim;Волски Оптим;Волски Оптим — купить адъювант в Барнауле | Сатурн;50;Волски Оптим: рН-корректор рабочего раствора. от 700 ₽. Поставка по Сибири, агросопровождение.;94
biostik-terra;Биостик Терра;Биостик Терра — купить адъювант в Барнауле | Сатурн;51;Биостик Терра: Биоклей для гороха, сои, чечевицы, рапса, льна, горчицы. от 635 ₽. Поставка по Сибири, агросопровождение.;120
vega-90-zh;Вега 90, Ж;Вега 90, Ж — купить адъювант в Барнауле | Сатурн;48;Вега 90, Ж: ПАВ-адъювант для совместного применения с эмульсионными гербицидами. от 220 ₽. Поставка по Сибири, агросопровождение.;129
vega-antipena-ke;Вега АнтиПена, КЭ;Вега АнтиПена, КЭ — купить адъювант в Барнауле | Сатурн;55;Вега АнтиПена, КЭ: Пеногаситель для баковых смесей пестицидов. Поставка по Сибири, агросопровождение.;101
vega-balans-vr;Вега Баланс, ВР;Вега Баланс, ВР — купить адъювант в Барнауле | Сатурн;53;Вега Баланс, ВР: Кондиционер и смягчитель воды под физиологически кислые пестициды. Поставка по Сибири, агросопровождение.;122
vega-gold-zh;Вега Голд, Ж;Вега Голд, Ж — купить адъювант в Барнауле | Сатурн;50;Вега Голд, Ж: Кремнийорганический ПАВ-адъювант, суперсмачиватель. от 1350 ₽. Поставка по Сибири, агросопровождение.;115
vega-kley;Вега Клей;Вега Клей — купить адъювант в Барнауле | Сатурн;47;Вега Клей: Клей для крестоцветных и зернобобовых — против опадения и потери зерна. Поставка по Сибири, агросопровождение.;121
vega-turbo;Вега Турбо;Вега Турбо — купить адъювант в Барнауле | Сатурн;48;Вега Турбо: Чистящее средство для промывки опрыскивающего оборудования. от 426 ₽. Поставка по Сибири, агросопровождение.;120
vega-emuls-ke;Вега Эмульс, КЭ;Вега Эмульс, КЭ — купить адъювант в Барнауле | Сатурн;53;Вега Эмульс, КЭ: ПАВ-адъювант для повышения эффективности СЗР. Поставка по Сибири, агросопровождение.;101
