бренд;товар;файл;размер_px;страница_товара;источник_изображения;примечание
FERTIKA;Листовое Старт 13-40-13;FERTIKA/FERTIKA — Листовое Старт 13-40-13 — упаковка.jpg;2000×2000;https://fertika.com/product/selskoe-khozyaystvo/fertika-listovoe-3-40-13/;https://fertika.com/upload/iblock/f69/ehjqcjo08q1n0eiarlaoq4qx1ga9jey8/Fertika_orange_leaf_power0000.png;
FERTIKA;Листовое 18-18-18;FERTIKA/FERTIKA — Листовое 18-18-18 — упаковка.jpg;2000×2000;https://fertika.com/product/selskoe-khozyaystvo/fertika-listovoe-18-18-18/;https://fertika.com/upload/iblock/42a/oqe613o14s52sw6bcdm6xnikuzzqxelj/Fertika_green_leaf_power0000.png;
FERTIKA;Листовое 10-5-40;FERTIKA/FERTIKA — Листовое 10-5-40 — упаковка.jpg;2000×2000;https://fertika.com/product/selskoe-khozyaystvo/fertika-listovoe-10-5-40/;https://fertika.com/upload/iblock/66b/1kfb3c12pouxcr3srt7vjtb9z4zu6i0q/Fertika_brown_leaf_power0050.png;
FERTIKA;Листовое 4-13-36;FERTIKA/FERTIKA — Листовое 4-13-36 — упаковка.jpg;2000×2000;https://fertika.com/product/selskoe-khozyaystvo/fertika-listovoe-4-13-36/;https://fertika.com/upload/iblock/a3f/barw3wiciljihh2yxqkcfbi29eh39rzn/Fertika_gray_leaf_power0000.png;
FERTIKA;Листовое 19-6-20;FERTIKA/FERTIKA — Листовое 19-6-20 — упаковка.jpg;2000×2000;https://fertika.com/product/selskoe-khozyaystvo/fertika-listovoe-19-6-20/;https://fertika.com/upload/iblock/56b/fjefne4mi8d46iro8q32565ibuvajjm5/Fertika_Aqua_leaf_power0000.png;
FERTIKA;Плюс 6,4-11-31;FERTIKA/FERTIKA — Плюс 6,4-11-31 — упаковка.jpg;2000×2000;https://fertika.com/product/selskoe-khozyaystvo/fertika-plyus-6-4-11-31/;https://fertika.com/upload/iblock/1bc/u5y25t0v4yge9ygmq8ege3pwaqy6niko/Fertika_blue_leaf_power0050.png;
FERTIKA;Плюс 12-11-26;FERTIKA/FERTIKA — Плюс 12-11-26 — упаковка.jpg;2000×2000;https://fertika.com/product/selskoe-khozyaystvo/fertika-plyus-12-11-26/;https://fertika.com/upload/iblock/dd9/xoga4uo2vvg2dt7sjri87o1uzf0cqug2/Fertika_pink_leaf_power0050.png;
FERTIKA;Плюс 16-20-27;FERTIKA/FERTIKA — Плюс 16-20-27 — упаковка.jpg;2000×2000;https://fertika.com/product/selskoe-khozyaystvo/fertika-plyus-16-20-27/;https://fertika.com/upload/iblock/52e/jhxss4mz6hf1l4889otphm7148gey3zz/Fertika_orange_2_leaf_power0000.png;
FERTIKA;Универсал-2 NPK 12-8-14;FERTIKA/FERTIKA — Универсал-2 NPK 12-8-14 — упаковка.jpg;1493×2000;https://fertika.com/product/selskoe-khozyaystvo/prod-62/;https://fertika.com/upload/iblock/ffb/hx2z4yxsxl733lx91tq137eshxmt5594/free_gen_1773834462273.png;
FERTIKA;Осеннее NPK 5-21-31;FERTIKA/FERTIKA — Осеннее NPK 5-21-31 — упаковка.jpg;1162×2000;https://fertika.com/product/selskoe-khozyaystvo/kukuruza/prod-64/;https://fertika.com/upload/iblock/5e5/wi51giubrlgb6bdg9sjjc8ppxgqpw9vf/NPK_image-paket-white-5.jpg;
FERTIKA;Картофельное-5 NPK 10,7-8,7-16;FERTIKA/FERTIKA — Картофельное-5 NPK 10,7-8,7-16 — упаковка.jpg;600×1032;https://fertika.com/product/selskoe-khozyaystvo/kartofel/prod-60/;https://fertika.com/upload/iblock/258/258a4bf7cabb42ee58fde4336359bc79.jpg;
FERTIKA;Эко Калий K2O-37 S Mg;FERTIKA/FERTIKA — Эко Калий K2O-37 S Mg — упаковка.jpg;2000×2000;https://fertika.com/product/selskoe-khozyaystvo/eko-kaliy-k2o-42-s-mg/;https://fertika.com/upload/iblock/323/ekxiem38va1qnxk2ph94d4axu3yvlly7/Sunflower_eco_c0000.png;
FERTIKA;Сульфат калия K2O-50 S;FERTIKA/FERTIKA — Сульфат калия K2O-50 S — упаковка.jpg;600×1034;https://fertika.com/product/selskoe-khozyaystvo/fertika-sulfat-kaliya-kaliy-sernokislyy/;https://fertika.com/upload/iblock/111/111986fc6b1d0175074437a8b7d4e9f9.jpg;
FERTIKA;Газонное Весна-Лето NPK 11-12-26;FERTIKA/FERTIKA — Газонное Весна-Лето NPK 11-12-26 — упаковка.jpg;1056×1600;https://fertika.com/product/dom-sad-i-ogorod/udobreniya/prod-3/;https://fertika.com/upload/iblock/cb8/cb89f162bef6961137fbc390a05d02d2.jpg;
FERTIKA;Хвойное для вечнозелёных NPK 10-7-14;FERTIKA/FERTIKA — Хвойное для вечнозелёных NPK 10-7-14 — упаковка.jpg;1371×2000;https://fertika.com/product/dom-sad-i-ogorod/udobreniya/sad-i-ogorod/prod-7/;https://fertika.com/upload/iblock/4d7/b6fehnj0y8834nff3qfnwviyplg9elcw/%D0%A4%D0%B5%D1%80%D1%82%D0%B8%D0%BA%D0%B0%20%D0%A5%D0%B2%D0%BE%D0%B9%D0%BD%D0%BE%D0%B5%201%20%D0%BA%D0%B3.jpg;
FERTIKA;Монокалийфосфат P-52 K-34;FERTIKA/FERTIKA — Монокалийфосфат P-52 K-34 — упаковка.jpg;1261×2000;https://fertika.com/product/dom-sad-i-ogorod/udobreniya/sad-i-ogorod/vodorastvorimoe-udobrenie-monokaliyfosfat-p-52-k-34/;https://fertika.com/upload/iblock/d28/s1so8d4xd41wxgsoy6b537mpw7xwqjgz/%D0%9C%D0%BE%D0%BD%D0%BE%D0%BA%D0%B0%D0%BB%D0%B8%D0%B9%D1%84%D0%BE%D1%81%D1%84%D0%B0%D1%82.jpg;Монокалийфосфат добавлен по явно согласованному примеру имени.
Волски Биохим;Микромак;Волски Биохим/Волски Биохим — Микромак — упаковка.jpg;1373×1698;https://www.volskybiochem.com/services/mikromak;https://www.volskybiochem.com/images/2020/09/28/.jpg;
Волски Биохим;Экомак;Волски Биохим/Волски Биохим — Экомак — упаковка.jpg;220×300;https://www.volskybiochem.com/services/ecomak;https://www.volskybiochem.com/images/2020/10/20/ecomak.png;
Волски Биохим;Микроэл;Волски Биохим/Волски Биохим — Микроэл — упаковка.jpg;330×330;https://www.volskybiochem.com/services/mikroel;https://www.volskybiochem.com/images/2024/05/17/876.png;
Волски Биохим;Страда N;Волски Биохим/Волски Биохим — Страда N — упаковка.jpg;330×330;https://www.volskybiochem.com/services/strada-n;https://www.volskybiochem.com/images/2020/10/20/n.png;
Волски Биохим;Страда P;Волски Биохим/Волски Биохим — Страда P — упаковка.jpg;408×426;https://www.volskybiochem.com/services/strada-p;https://www.volskybiochem.com/images/2020/09/30/_.png;
Волски Биохим;Страда К;Волски Биохим/Волски Биохим — Страда К — упаковка.jpg;258×300;https://www.volskybiochem.com/services/strada-k;https://www.volskybiochem.com/images/2020/10/20/png1.;
Волски Биохим;Диформа Бор-Молибден;Волски Биохим/Волски Биохим — Диформа Бор-Молибден — упаковка.jpg;323×399;https://www.volskybiochem.com/services/diforma-boron-molybdenum;https://www.volskybiochem.com/images/2020/10/20/b-mo.png;
Волски Биохим;Диформа Магний-Марганец;Волски Биохим/Волски Биохим — Диформа Магний-Марганец — упаковка.jpg;323×399;https://www.volskybiochem.com/services/mono-zhelezo-7;https://www.volskybiochem.com/images/2020/10/20/mg-mn.png;
Волски Биохим;Диформа Кальций-Азот;Волски Биохим/Волски Биохим — Диформа Кальций-Азот — упаковка.jpg;323×399;https://www.volskybiochem.com/services/diform-calcium-nitrogen;https://www.volskybiochem.com/images/2020/10/20/ca-n.png;
Волски Биохим;Диформа Магний-Цинк;Волски Биохим/Волски Биохим — Диформа Магний-Цинк — упаковка.jpg;323×399;https://www.volskybiochem.com/services/diforma-magnesium-zinc;https://www.volskybiochem.com/images/2020/10/20/mg-zn.png;
Волски Биохим;Диформа Кобальт-Селен;Волски Биохим/Волски Биохим — Диформа Кобальт-Селен — упаковка.jpg;323×399;https://www.volskybiochem.com/services/mono-zhelezo-11;https://www.volskybiochem.com/images/2020/10/20/co-se.png;
Волски Биохим;Диформа Марганец-Бор;Волски Биохим/Волски Биохим — Диформа Марганец-Бор — упаковка.jpg;323×399;https://www.volskybiochem.com/services/mono-zhelezo-8;https://www.volskybiochem.com/images/2020/10/20/mn-b.png;
Волски Биохим;Диформа Кремний-Калий;Волски Биохим/Волски Биохим — Диформа Кремний-Калий — упаковка.jpg;323×399;https://www.volskybiochem.com/services/mono-zhelezo-9;https://www.volskybiochem.com/images/2020/10/20/si-k.png;
Волски Биохим;Диформа Марганец-Цинк;Волски Биохим/Волски Биохим — Диформа Марганец-Цинк — упаковка.jpg;323×399;https://www.volskybiochem.com/services/mono-zhelezo-5;https://www.volskybiochem.com/images/2020/10/20/mn-zn.png;
Волски Биохим;Моно-Бор;Волски Биохим/Волски Биохим — Моно-Бор — упаковка.jpg;333×399;https://www.volskybiochem.com/services/mono-bor;https://www.volskybiochem.com/images/2020/10/20/png6.;
Волски Биохим;Моно-Железо;Волски Биохим/Волски Биохим — Моно-Железо — упаковка.jpg;325×400;https://www.volskybiochem.com/services/mono-zhelezo;https://www.volskybiochem.com/images/2020/10/20/png9.;
Волски Биохим;Моно-Сера;Волски Биохим/Волски Биохим — Моно-Сера — упаковка.jpg;322×399;https://www.volskybiochem.com/services/mono-sera;https://www.volskybiochem.com/images/2020/10/20/png4.;
Волски Биохим;Моно-Цинк;Волски Биохим/Волски Биохим — Моно-Цинк — упаковка.jpg;321×399;https://www.volskybiochem.com/services/mono-zinc;https://www.volskybiochem.com/images/2020/10/20/png7.;
Волски Биохим;Моно-Медь;Волски Биохим/Волски Биохим — Моно-Медь — упаковка.jpg;346×400;https://www.volskybiochem.com/services/mono-med;https://www.volskybiochem.com/images/2020/10/20/1.png;
Волски Биохим;Корректор рН «ВОЛСКИ ОПТИМ»;Волски Биохим/Волски Биохим — Корректор рН «ВОЛСКИ ОПТИМ» — упаковка.jpg;330×429;https://www.volskybiochem.com/services/korrektor-rn-volski-optim;https://www.volskybiochem.com/images/2021/09/14/.png;
Реликт ДВ;"Реликт А &#8212; для животных &#8212; 2%";"Реликт ДВ/Реликт ДВ — Реликт А &#8212; для животных &#8212; 2% — упаковка.jpg";1470×1393;https://relict-dv.ru/product/relict-animal-2/;https://relict-dv.ru/wp-content/uploads/2019/12/10-kg-relikt-a.png;
Реликт ДВ;"Реликт А &#8212; для животных &#8212; 4%";"Реликт ДВ/Реликт ДВ — Реликт А &#8212; для животных &#8212; 4% — упаковка.jpg";1470×1393;https://relict-dv.ru/product/relict-animal-4/;https://relict-dv.ru/wp-content/uploads/2019/12/10-kg-relikt-a.png;
Реликт ДВ;"Реликт Р &#8212; для растений";"Реликт ДВ/Реликт ДВ — Реликт Р &#8212; для растений — упаковка.jpg";482×425;https://relict-dv.ru/product/relict-plant/;https://relict-dv.ru/wp-content/uploads/2020/03/p.png;
Реликт ДВ;"Реликт М &#8212; молибден";"Реликт ДВ/Реликт ДВ — Реликт М &#8212; молибден — упаковка.jpg";987×1024;https://relict-dv.ru/product/relict-mineral-molibden/;https://relict-dv.ru/wp-content/uploads/2019/12/5l-relikt-m-molibden.jpeg;
Реликт ДВ;"Реликт М &#8212; сера";"Реликт ДВ/Реликт ДВ — Реликт М &#8212; сера — упаковка.jpg";482×425;https://relict-dv.ru/product/relict-m-sera/;https://relict-dv.ru/wp-content/uploads/2020/02/M.png;На сайте для разновидностей Реликт М используется общее изображение линейки.
Реликт ДВ;"Реликт М &#8212; бор";"Реликт ДВ/Реликт ДВ — Реликт М &#8212; бор — упаковка.jpg";482×425;https://relict-dv.ru/product/relict-m-bor/;https://relict-dv.ru/wp-content/uploads/2020/02/M.png;На сайте для разновидностей Реликт М используется общее изображение линейки.
Реликт ДВ;"Реликт М &#8212; цинк";"Реликт ДВ/Реликт ДВ — Реликт М &#8212; цинк — упаковка.jpg";482×425;https://relict-dv.ru/product/relikt-m-cink/;https://relict-dv.ru/wp-content/uploads/2020/02/M.png;На сайте для разновидностей Реликт М используется общее изображение линейки.
Реликт ДВ;"Реликт М &#8212; кремний";"Реликт ДВ/Реликт ДВ — Реликт М &#8212; кремний — упаковка.jpg";482×425;https://relict-dv.ru/product/relikt-m-cremnij/;https://relict-dv.ru/wp-content/uploads/2020/02/M.png;На сайте для разновидностей Реликт М используется общее изображение линейки.
Реликт ДВ;"Биосил &#8212; регулятор роста";"Реликт ДВ/Реликт ДВ — Биосил &#8212; регулятор роста — упаковка.jpg";945×1200;https://relict-dv.ru/product/biosil-regulyator-rosta-litr/;https://relict-dv.ru/wp-content/uploads/2021/10/1022751690.jpg;
СЗР;Анкер Трио, КС;СЗР и адъюванты/СЗР — Анкер Трио, КС — упаковка.jpg;1080x1080;https://agromir.online/katalog/protraviteli/ankertrio;https://static.tildacdn.com/stor3265-3137-4263-b138-343234393230/27590905.jpg;"Официальный сайт регистранта ООО «Агромир»; канистра 5 л, белый фон · найдено 30.09.2026"
СЗР;Царумин, ВК;СЗР и адъюванты/СЗР — Царумин, ВК — упаковка.jpg;1080x1080;https://agromir.online/katalog/gerbicidi/tsarumin;https://static.tildacdn.com/stor6230-3462-4736-b439-396363303238/16791950.jpg;"Официальный сайт ООО «Агромир»; канистра 10 л, 500 г/л МЦПА; белый фон · найдено 30.09.2026"
СЗР;Тореадор Макси, КС;СЗР и адъюванты/СЗР — Тореадор Макси, КС — упаковка.png;830x1452;https://safetyfield.ru/toreador-maksi-ks;https://safetyfield.ru/image/catalog/ToreadorMaksi.png;"Официальный сайт Safety Field (регистрант ООО «СФ-Регистрэйшн»); канистра 5 л, прозрачный фон · найдено 30.09.2026"
СЗР;Тиара, КС;СЗР и адъюванты/СЗР — Тиара, КС — упаковка.png;1400x1764;https://www.rosagrochim.ru/produktsijap/insektitsidy/tiara-ks/;https://www.rosagrochim.ru/upload/iblock/c99/c9982c6a7d9e84de811189ed80067206.png;"Официальный сайт регистранта ООО НПО «РосАгроХим»; канистра 5 л, прозрачный фон · найдено 30.09.2026"
СЗР;Клео, ВДГ;СЗР и адъюванты/СЗР — Клео, ВДГ — упаковка.jpg;800x800;https://agromax.pro/ (карточка «Гербицид Клео»);https://agromax.pro/2499-thickbox_default/gerbicid-kleo.jpg;"Пакет 1 кг РосАгроХим (соурегистрант; на rosagrochim.ru фото только 269px). Каталог дистрибьютора, без водяного знака, белый фон · найдено 30.09.2026"
СЗР;Тифилагро, ВДГ;СЗР и адъюванты/СЗР — Тифилагро, ВДГ — упаковка.jpg;810x1080;https://10akrov.ru/ (карточка «ТифилАгро, ВДГ»);https://10akrov.ru/assets/images/products/67/tifilagro.jpg;"Банка 500 г, регистрант Агрохим-XXI; на официальном сайте только этикетка (agrochim-xxi.ru/.../ThifyLAgroNEW.jpg 1928px). Фото ритейлера без водяного знака, белый фон · найдено 30.09.2026"
СЗР;Челленджер, ВРК;СЗР и адъюванты/СЗР — Челленджер, ВРК — упаковка.png;1000x1000;https://kccc.ru/katalog/gerbicidy/chellendzher;https://kccc.ru/sites/default/files/images/preparations/890/image.png;"Официальный сайт ТД «Кирово-Чепецкая Химическая Компания» (KCCC); канистра 10 л, прозрачный фон · найдено 30.09.2026"
СЗР;Гранберг, КЭ;СЗР и адъюванты/СЗР — Гранберг, КЭ — упаковка.png;1000x1000;https://kccc.ru/katalog/fungicidy/granberg;https://kccc.ru/sites/default/files/images/preparations/904/image.png;"Официальный сайт KCCC (регистрант ООО «Интер Групп»); канистра 10 л, прозрачный фон · найдено 30.09.2026"
СЗР;Гранберг Про, КЭ;СЗР и адъюванты/СЗР — Гранберг Про, КЭ — упаковка.png;1000x1000;https://kccc.ru/katalog/fungicidy/granberg-pro;https://kccc.ru/sites/default/files/images/preparations/905/image.png;"Официальный сайт KCCC; канистра 10 л, прозрачный фон · найдено 30.09.2026"
Реликт ДВ;Реликт Р Старт (протравитель);Реликт ДВ/Реликт ДВ — Реликт Р Старт (протравитель) — упаковка.jpg;1200x1071;https://relictorganics.com/relict-pro-start;https://relictorganics.com/image/tild6166-6434-4237-b036-356334366234__kan-butl-for-web-3-3.jpg;"Официальный сайт Relict Organics; на упаковке «Реликт Р ПРО СТАРТ» (обработка семян) — канистра 5 л + 2 флакона 1 л, белый фон · найдено 30.09.2026"
СЗР;Биостик Терра;СЗР и адъюванты/СЗР — Биостик Терра — упаковка.png;1920x1920;https://altaysun-udobreniya.ru/product/bioklej-biostik-terra/;https://altaysun-udobreniya.ru/wp-content/uploads/2026/03/Биостик-Терра-с-этикеткой-без-даты.png;"Официальный сайт производителя ООО «Солнце Алтая»; канистра 10 л, прозрачный фон (оригинал без ресайза) · найдено 30.09.2026"
FERTIKA;Газонное. Осень;FERTIKA/FERTIKA — Газонное. Осень — упаковка.png;2000x2000;https://fertika.com/product/dom-sad-i-ogorod/udobreniya/prod-4/;https://fertika.com/upload/iblock/7ff/e6cwza1q5cxph5ozmltc01fztd9u1ai7/Fertika_scarf_gazon0000.png;"Официальный сайт АО «Фертика»; мешок 25 кг (фасовки 800 кг/биг-бэг на сайте нет), прозрачный фон. Альтернативы там же: 20 кг .../0d3/.../Fertika_scarf_gazon0025_20kg.jpg, 5 кг, 10 кг · найдено 30.09.2026"
